分类,React Bits,动效说明,Forge 对应组件,建议等级,建议归属,适配说明,上游直接依赖（不含 React）,官方页面,固定版本源码,Forge 源码
Text Animations,Tech Text,字形变为虚线路径，可拖动后弹回,PageHeader,D,页面特效,互动品牌标题，不用于业务文字,,https://reactbits.dev/text-animations/tech-text,https://github.com/DavidHDev/react-bits/blob/a0c0548a28fa951a8f5c605d28b2480234bc72e4/src/ts-tailwind/TextAnimations/TechText/TechText.tsx,/Users/hesong/Documents/gihub_space/forge/core/src/components/ui/page-header.tsx
Text Animations,Text Loop,文字沿可调 SVG 曲线路径连续流动,无直接对应,D,页面特效,页面文字装置，不用于基础组件,gsap,https://reactbits.dev/text-animations/text-loop,https://github.com/DavidHDev/react-bits/blob/a0c0548a28fa951a8f5c605d28b2480234bc72e4/src/ts-tailwind/TextAnimations/TextLoop/TextLoop.tsx,
Text Animations,Masked Heading,网格色彩或图像填充标题并逐词揭示,PageHeader,D,页面特效,营销标题独立实现，不替换后台 PageHeader 默认标题,gsap,https://reactbits.dev/text-animations/masked-heading,https://github.com/DavidHDev/react-bits/blob/a0c0548a28fa951a8f5c605d28b2480234bc72e4/src/ts-tailwind/TextAnimations/MaskedHeading/MaskedHeading.tsx,/Users/hesong/Documents/gihub_space/forge/core/src/components/ui/page-header.tsx
Text Animations,Particle Text,粒子聚拢成文字并散开,PageHeader,D,页面特效,展示专用，不能承载必须即时阅读的信息,,https://reactbits.dev/text-animations/particle-text,https://github.com/DavidHDev/react-bits/blob/a0c0548a28fa951a8f5c605d28b2480234bc72e4/src/ts-tailwind/TextAnimations/ParticleText/ParticleText.tsx,/Users/hesong/Documents/gihub_space/forge/core/src/components/ui/page-header.tsx
Text Animations,Split Flap Text,翻牌器式文字逐格切换,"StatCard, PageHeader",D,页面特效,专题看板风格；普通指标用 Counter 或 CountUp 思路,,https://reactbits.dev/text-animations/split-flap-text,https://github.com/DavidHDev/react-bits/blob/a0c0548a28fa951a8f5c605d28b2480234bc72e4/src/ts-tailwind/TextAnimations/SplitFlapText/SplitFlapText.tsx,/Users/hesong/Documents/gihub_space/forge/core/src/components/ui/stat-card.tsx; /Users/hesong/Documents/gihub_space/forge/core/src/components/ui/page-header.tsx
Text Animations,Warp Text,文字随指针产生 WebGL 扭曲,PageHeader,D,页面特效,展示标题，非基础文本反馈,ogl,https://reactbits.dev/text-animations/warp-text,https://github.com/DavidHDev/react-bits/blob/a0c0548a28fa951a8f5c605d28b2480234bc72e4/src/ts-tailwind/TextAnimations/WarpText/WarpText.tsx,/Users/hesong/Documents/gihub_space/forge/core/src/components/ui/page-header.tsx
Text Animations,Stroke Text,文字轮廓描绘后填色,PageHeader,D,页面特效,品牌标题可选，不用于表单提示,gsap; gsap/ScrollTrigger,https://reactbits.dev/text-animations/stroke-text,https://github.com/DavidHDev/react-bits/blob/a0c0548a28fa951a8f5c605d28b2480234bc72e4/src/ts-tailwind/TextAnimations/StrokeText/StrokeText.tsx,/Users/hesong/Documents/gihub_space/forge/core/src/components/ui/page-header.tsx
Text Animations,Depth Text,多层立体文字随指针产生视差,PageHeader,D,页面特效,展示标题，后台标题维持平面,,https://reactbits.dev/text-animations/depth-text,https://github.com/DavidHDev/react-bits/blob/a0c0548a28fa951a8f5c605d28b2480234bc72e4/src/ts-tailwind/TextAnimations/DepthText/DepthText.tsx,/Users/hesong/Documents/gihub_space/forge/core/src/components/ui/page-header.tsx
Text Animations,Fold Text,文字如折纸展开,PageHeader,D,页面特效,一次性标题演出，不作为页面默认加载方式,gsap; gsap/ScrollTrigger,https://reactbits.dev/text-animations/fold-text,https://github.com/DavidHDev/react-bits/blob/a0c0548a28fa951a8f5c605d28b2480234bc72e4/src/ts-tailwind/TextAnimations/FoldText/FoldText.tsx,/Users/hesong/Documents/gihub_space/forge/core/src/components/ui/page-header.tsx
Text Animations,Echo Text,多重文字残影收拢,PageHeader,D,页面特效,展示专用，避免正文重影,,https://reactbits.dev/text-animations/echo-text,https://github.com/DavidHDev/react-bits/blob/a0c0548a28fa951a8f5c605d28b2480234bc72e4/src/ts-tailwind/TextAnimations/EchoText/EchoText.tsx,/Users/hesong/Documents/gihub_space/forge/core/src/components/ui/page-header.tsx
Text Animations,Split Text,按字、词或行拆分错峰入场,PageHeader,D,页面特效,适合介绍页标题；中文分词和读屏需额外处理,@gsap/react; gsap; gsap/ScrollTrigger; gsap/SplitText,https://reactbits.dev/text-animations/split-text,https://github.com/DavidHDev/react-bits/blob/a0c0548a28fa951a8f5c605d28b2480234bc72e4/src/ts-tailwind/TextAnimations/SplitText/SplitText.tsx,/Users/hesong/Documents/gihub_space/forge/core/src/components/ui/page-header.tsx
Text Animations,Blur Text,文字从模糊逐步变清晰,PageHeader,D,页面特效,标题入场可选，表单标签与数据正文即时清晰,motion/react,https://reactbits.dev/text-animations/blur-text,https://github.com/DavidHDev/react-bits/blob/a0c0548a28fa951a8f5c605d28b2480234bc72e4/src/ts-tailwind/TextAnimations/BlurText/BlurText.tsx,/Users/hesong/Documents/gihub_space/forge/core/src/components/ui/page-header.tsx
Text Animations,Circular Text,文字围成圆环并旋转,无直接对应,D,页面特效,无 core 文字组件对应，放页面装饰,motion/react,https://reactbits.dev/text-animations/circular-text,https://github.com/DavidHDev/react-bits/blob/a0c0548a28fa951a8f5c605d28b2480234bc72e4/src/ts-tailwind/TextAnimations/CircularText/CircularText.tsx,
Text Animations,Text Type,逐字打出内容并显示闪动光标,"StreamingAnswer, ThinkingTrace",B,核心可选,仅借鉴到达内容的显示节奏；真实流式输出不得虚构服务端 token 或额外拖延,gsap,https://reactbits.dev/text-animations/text-type,https://github.com/DavidHDev/react-bits/blob/a0c0548a28fa951a8f5c605d28b2480234bc72e4/src/ts-tailwind/TextAnimations/TextType/TextType.tsx,/Users/hesong/Documents/gihub_space/forge/core/src/components/ui/agent/streaming-answer.tsx; /Users/hesong/Documents/gihub_space/forge/core/src/components/ui/agent/thinking-trace.tsx
Text Animations,Shuffle,字符洗牌后恢复为目标文字,PageHeader,D,页面特效,标题演出，不用于指标、订单号或错误提示,@gsap/react; gsap; gsap/ScrollTrigger; gsap/SplitText,https://reactbits.dev/text-animations/shuffle,https://github.com/DavidHDev/react-bits/blob/a0c0548a28fa951a8f5c605d28b2480234bc72e4/src/ts-tailwind/TextAnimations/Shuffle/Shuffle.tsx,/Users/hesong/Documents/gihub_space/forge/core/src/components/ui/page-header.tsx
Text Animations,Shiny Text,高光扫过文字,"ThinkingTrace, ToolChips",B,核心可选,执行中可选轻量反馈，完成立即停止；已有 shimmer 优先统一,motion/react,https://reactbits.dev/text-animations/shiny-text,https://github.com/DavidHDev/react-bits/blob/a0c0548a28fa951a8f5c605d28b2480234bc72e4/src/ts-tailwind/TextAnimations/ShinyText/ShinyText.tsx,/Users/hesong/Documents/gihub_space/forge/core/src/components/ui/agent/thinking-trace.tsx; /Users/hesong/Documents/gihub_space/forge/core/src/components/ui/agent/tool-chips.tsx
Text Animations,Text Pressure,字符按指针位置改变字重宽度,PageHeader,D,页面特效,需可变字体和空间，后台排版保持稳定,,https://reactbits.dev/text-animations/text-pressure,https://github.com/DavidHDev/react-bits/blob/a0c0548a28fa951a8f5c605d28b2480234bc72e4/src/ts-tailwind/TextAnimations/TextPressure/TextPressure.tsx,/Users/hesong/Documents/gihub_space/forge/core/src/components/ui/page-header.tsx
Text Animations,Curved Loop,文字沿弧线循环并可拖动,无直接对应,D,页面特效,页面跑马灯展示，不用于操作标签,,https://reactbits.dev/text-animations/curved-loop,https://github.com/DavidHDev/react-bits/blob/a0c0548a28fa951a8f5c605d28b2480234bc72e4/src/ts-tailwind/TextAnimations/CurvedLoop/CurvedLoop.tsx,
Text Animations,Fuzzy Text,文字噪声抖动并响应悬停,PageHeader,D,页面特效,适合独立错误页视觉，不遮挡错误说明,,https://reactbits.dev/text-animations/fuzzy-text,https://github.com/DavidHDev/react-bits/blob/a0c0548a28fa951a8f5c605d28b2480234bc72e4/src/ts-tailwind/TextAnimations/FuzzyText/FuzzyText.tsx,/Users/hesong/Documents/gihub_space/forge/core/src/components/ui/page-header.tsx
Text Animations,Gradient Text,文字渐变色连续流动,"PageHeader, HighlightCard",D,页面特效,品牌展示效果；正文和状态使用 Forge 语义颜色,motion/react,https://reactbits.dev/text-animations/gradient-text,https://github.com/DavidHDev/react-bits/blob/a0c0548a28fa951a8f5c605d28b2480234bc72e4/src/ts-tailwind/TextAnimations/GradientText/GradientText.tsx,/Users/hesong/Documents/gihub_space/forge/core/src/components/ui/page-header.tsx; /Users/hesong/Documents/gihub_space/forge/core/src/components/ui/highlight-card.tsx
Text Animations,Falling Text,文字受重力掉落碰撞,无直接对应,D,页面特效,页面物理展示，无基础组件对应,matter-js,https://reactbits.dev/text-animations/falling-text,https://github.com/DavidHDev/react-bits/blob/a0c0548a28fa951a8f5c605d28b2480234bc72e4/src/ts-tailwind/TextAnimations/FallingText/FallingText.tsx,
Text Animations,Text Cursor,文字跟随鼠标并留下副本拖尾,无直接对应,E,不建议后台,不用于后台；持续拖尾影响操作目标与正文阅读,motion/react,https://reactbits.dev/text-animations/text-cursor,https://github.com/DavidHDev/react-bits/blob/a0c0548a28fa951a8f5c605d28b2480234bc72e4/src/ts-tailwind/TextAnimations/TextCursor/TextCursor.tsx,
Text Animations,Decrypted Text,随机字符逐步解码为文字,PageHeader,D,页面特效,专题标题可用；不能把实际加解密状态伪装成动画,motion/react,https://reactbits.dev/text-animations/decrypted-text,https://github.com/DavidHDev/react-bits/blob/a0c0548a28fa951a8f5c605d28b2480234bc72e4/src/ts-tailwind/TextAnimations/DecryptedText/DecryptedText.tsx,/Users/hesong/Documents/gihub_space/forge/core/src/components/ui/page-header.tsx
Text Animations,True Focus,多个词之间切换清晰区域与焦点框,PageHeader,D,页面特效,介绍页强调效果，不等同于键盘 focus,motion/react,https://reactbits.dev/text-animations/true-focus,https://github.com/DavidHDev/react-bits/blob/a0c0548a28fa951a8f5c605d28b2480234bc72e4/src/ts-tailwind/TextAnimations/TrueFocus/TrueFocus.tsx,/Users/hesong/Documents/gihub_space/forge/core/src/components/ui/page-header.tsx
Text Animations,Scroll Float,文字跟随滚动逐段浮现,PageHeader,D,页面特效,长页标题入场，不用于业务主标题等待滚动,gsap; gsap/ScrollTrigger,https://reactbits.dev/text-animations/scroll-float,https://github.com/DavidHDev/react-bits/blob/a0c0548a28fa951a8f5c605d28b2480234bc72e4/src/ts-tailwind/TextAnimations/ScrollFloat/ScrollFloat.tsx,/Users/hesong/Documents/gihub_space/forge/core/src/components/ui/page-header.tsx
Text Animations,Scroll Reveal,滚动时文字透明度与模糊变化,PageHeader,D,页面特效,长文展示可选，正文默认可读,gsap; gsap/ScrollTrigger,https://reactbits.dev/text-animations/scroll-reveal,https://github.com/DavidHDev/react-bits/blob/a0c0548a28fa951a8f5c605d28b2480234bc72e4/src/ts-tailwind/TextAnimations/ScrollReveal/ScrollReveal.tsx,/Users/hesong/Documents/gihub_space/forge/core/src/components/ui/page-header.tsx
Text Animations,ASCII Text,文字以字符栅格渲染并产生动态效果,PageHeader,D,页面特效,像素风标题，无后台基础控件收益,three,https://reactbits.dev/text-animations/ascii-text,https://github.com/DavidHDev/react-bits/blob/a0c0548a28fa951a8f5c605d28b2480234bc72e4/src/ts-tailwind/TextAnimations/ASCIIText/ASCIIText.tsx,/Users/hesong/Documents/gihub_space/forge/core/src/components/ui/page-header.tsx
Text Animations,Scrambled Text,指针附近字符扰动后复原,PageHeader,D,页面特效,仅展示，业务数据不可扰乱,gsap; gsap/ScrambleTextPlugin; gsap/SplitText,https://reactbits.dev/text-animations/scrambled-text,https://github.com/DavidHDev/react-bits/blob/a0c0548a28fa951a8f5c605d28b2480234bc72e4/src/ts-tailwind/TextAnimations/ScrambledText/ScrambledText.tsx,/Users/hesong/Documents/gihub_space/forge/core/src/components/ui/page-header.tsx
Text Animations,Rotating Text,多段短语轮换，字符分组进出场,PageHeader,D,页面特效,用于介绍页轮换文案，状态文字由真实状态驱动,motion/react,https://reactbits.dev/text-animations/rotating-text,https://github.com/DavidHDev/react-bits/blob/a0c0548a28fa951a8f5c605d28b2480234bc72e4/src/ts-tailwind/TextAnimations/RotatingText/RotatingText.tsx,/Users/hesong/Documents/gihub_space/forge/core/src/components/ui/page-header.tsx
Text Animations,Glitch Text,文字发生色彩分离与故障抖动,PageHeader,D,页面特效,仅独立视觉主题，不用于真实错误状态,,https://reactbits.dev/text-animations/glitch-text,https://github.com/DavidHDev/react-bits/blob/a0c0548a28fa951a8f5c605d28b2480234bc72e4/src/ts-tailwind/TextAnimations/GlitchText/GlitchText.tsx,/Users/hesong/Documents/gihub_space/forge/core/src/components/ui/page-header.tsx
Text Animations,Scroll Velocity,跑马灯速度随页面滚动变化,无直接对应,D,页面特效,页面装饰文字，不用于菜单或表格,motion/react,https://reactbits.dev/text-animations/scroll-velocity,https://github.com/DavidHDev/react-bits/blob/a0c0548a28fa951a8f5c605d28b2480234bc72e4/src/ts-tailwind/TextAnimations/ScrollVelocity/ScrollVelocity.tsx,
Text Animations,Variable Proximity,字形轴随指针距离连续变化,PageHeader,D,页面特效,可变字体展示，非通用后台排版,motion/react,https://reactbits.dev/text-animations/variable-proximity,https://github.com/DavidHDev/react-bits/blob/a0c0548a28fa951a8f5c605d28b2480234bc72e4/src/ts-tailwind/TextAnimations/VariableProximity/VariableProximity.tsx,/Users/hesong/Documents/gihub_space/forge/core/src/components/ui/page-header.tsx
Text Animations,Count Up,数值从起点缓动至目标值,"StatCard, BalanceCard, ChartValueRow, ProgressStatCard",B,核心可选,关键指标可选短时过渡；金额操作确认和表格精确值即时展示,motion/react,https://reactbits.dev/text-animations/count-up,https://github.com/DavidHDev/react-bits/blob/a0c0548a28fa951a8f5c605d28b2480234bc72e4/src/ts-tailwind/TextAnimations/CountUp/CountUp.tsx,/Users/hesong/Documents/gihub_space/forge/core/src/components/ui/stat-card.tsx; /Users/hesong/Documents/gihub_space/forge/core/src/components/ui/balance-card.tsx; /Users/hesong/Documents/gihub_space/forge/core/src/components/ui/charts/chart-value-row.tsx; /Users/hesong/Documents/gihub_space/forge/core/src/components/ui/progress-stat-card.tsx
Animations,Electric Logo,标志轮廓呈电流流动并跟随指针,无直接对应,D,页面特效,品牌标志动画，没有公共业务组件对应,ogl,https://reactbits.dev/animations/electric-logo,https://github.com/DavidHDev/react-bits/blob/a0c0548a28fa951a8f5c605d28b2480234bc72e4/src/ts-tailwind/Animations/ElectricLogo/ElectricLogo.tsx,
Animations,Dither Veil,指针擦开抖色图片，随后逐格恢复,"ImageGrid, ImageStatCard",D,页面特效,创意图片揭示，非后台媒体默认展示,ogl,https://reactbits.dev/animations/dither-veil,https://github.com/DavidHDev/react-bits/blob/a0c0548a28fa951a8f5c605d28b2480234bc72e4/src/ts-tailwind/Animations/DitherVeil/DitherVeil.tsx,/Users/hesong/Documents/gihub_space/forge/core/src/components/ui/image-grid.tsx; /Users/hesong/Documents/gihub_space/forge/core/src/components/ui/image-stat-card.tsx
Animations,Glow Cursor,指针产生发光拖尾,无直接对应,E,不建议后台,后台无对应，装饰开销与操作收益不匹配,ogl,https://reactbits.dev/animations/glow-cursor,https://github.com/DavidHDev/react-bits/blob/a0c0548a28fa951a8f5c605d28b2480234bc72e4/src/ts-tailwind/Animations/GlowCursor/GlowCursor.tsx,
Animations,Scroll Expand,媒体框随滚动放大至铺满,"ImageGrid, ImageStatCard",D,页面特效,介绍页媒体叙事，业务容器不随页面滚动改变布局,,https://reactbits.dev/animations/scroll-expand,https://github.com/DavidHDev/react-bits/blob/a0c0548a28fa951a8f5c605d28b2480234bc72e4/src/ts-tailwind/Animations/ScrollExpand/ScrollExpand.tsx,/Users/hesong/Documents/gihub_space/forge/core/src/components/ui/image-grid.tsx; /Users/hesong/Documents/gihub_space/forge/core/src/components/ui/image-stat-card.tsx
Animations,Ripple Distortion,指针经过产生水波折射,ImageGrid,D,页面特效,展示内容特效，后台数据区域不扭曲,ogl,https://reactbits.dev/animations/ripple-distortion,https://github.com/DavidHDev/react-bits/blob/a0c0548a28fa951a8f5c605d28b2480234bc72e4/src/ts-tailwind/Animations/RippleDistortion/RippleDistortion.tsx,/Users/hesong/Documents/gihub_space/forge/core/src/components/ui/image-grid.tsx
Animations,Elastic Mesh,网格受指针拉伸并弹性恢复,无直接对应,D,页面特效,独立背景或画布展示，没有基础组件对应,ogl,https://reactbits.dev/animations/elastic-mesh,https://github.com/DavidHDev/react-bits/blob/a0c0548a28fa951a8f5c605d28b2480234bc72e4/src/ts-tailwind/Animations/ElasticMesh/ElasticMesh.tsx,
Animations,Swarm Cursor,粒子群追逐指针,无直接对应,E,不建议后台,后台无对应，容易干扰点击目标,ogl,https://reactbits.dev/animations/swarm-cursor,https://github.com/DavidHDev/react-bits/blob/a0c0548a28fa951a8f5c605d28b2480234bc72e4/src/ts-tailwind/Animations/SwarmCursor/SwarmCursor.tsx,
Animations,Halftone Reveal,指针附近网点图恢复清晰,"ImageGrid, ImageStatCard",D,页面特效,展示图片效果，不作为加载完成的必要步骤,ogl,https://reactbits.dev/animations/halftone-reveal,https://github.com/DavidHDev/react-bits/blob/a0c0548a28fa951a8f5c605d28b2480234bc72e4/src/ts-tailwind/Animations/HalftoneReveal/HalftoneReveal.tsx,/Users/hesong/Documents/gihub_space/forge/core/src/components/ui/image-grid.tsx; /Users/hesong/Documents/gihub_space/forge/core/src/components/ui/image-stat-card.tsx
Animations,Pixel Swap,像素聚拢遮盖内容，交换后再消散,"ImageGrid, SurfaceCard",D,页面特效,展示转场，不适合高频操作反馈,,https://reactbits.dev/animations/pixel-swap,https://github.com/DavidHDev/react-bits/blob/a0c0548a28fa951a8f5c605d28b2480234bc72e4/src/ts-tailwind/Animations/PixelSwap/PixelSwap.tsx,/Users/hesong/Documents/gihub_space/forge/core/src/components/ui/image-grid.tsx; /Users/hesong/Documents/gihub_space/forge/core/src/components/ui/surface-card.tsx
Animations,Cursor Grid,指针附近网格点亮并产生点击脉冲,无直接对应,D,页面特效,独立装饰画布，非 DataTable 表格,,https://reactbits.dev/animations/cursor-grid,https://github.com/DavidHDev/react-bits/blob/a0c0548a28fa951a8f5c605d28b2480234bc72e4/src/ts-tailwind/Animations/CursorGrid/CursorGrid.tsx,
Animations,Animated Content,内容入场时位移、缩放和透明度按参数变化,"DropdownPanel, FilterPanel, ConfirmationDialog, ListGroup, Datepicker, ToolbarDatepicker",A,核心优先,只借鉴短位移淡入；浮层需要另做关闭保留挂载，滚动触发包装器不能直接替代浮层状态机,gsap; gsap/ScrollTrigger,https://reactbits.dev/animations/animated-content,https://github.com/DavidHDev/react-bits/blob/a0c0548a28fa951a8f5c605d28b2480234bc72e4/src/ts-tailwind/Animations/AnimatedContent/AnimatedContent.tsx,/Users/hesong/Documents/gihub_space/forge/core/src/components/ui/dropdown-panel.tsx; /Users/hesong/Documents/gihub_space/forge/core/src/components/ui/filter-panel.tsx; /Users/hesong/Documents/gihub_space/forge/core/src/components/ui/confirmation-dialog.tsx; /Users/hesong/Documents/gihub_space/forge/core/src/components/ui/list-group.tsx; /Users/hesong/Documents/gihub_space/forge/core/src/components/ui/forms/datepicker.tsx; /Users/hesong/Documents/gihub_space/forge/core/src/components/ui/toolbar.tsx
Animations,Fade Content,内容达到可视阈值后透明度和模糊过渡,"DropdownPanel, TooltipBubble, ConfirmationDialog",A,核心优先,上游为滚动触发淡入与可选定时消失；只借鉴淡入曲线，Forge 需按 open 状态另做退出保留挂载和取消机制,gsap; gsap/ScrollTrigger,https://reactbits.dev/animations/fade-content,https://github.com/DavidHDev/react-bits/blob/a0c0548a28fa951a8f5c605d28b2480234bc72e4/src/ts-tailwind/Animations/FadeContent/FadeContent.tsx,/Users/hesong/Documents/gihub_space/forge/core/src/components/ui/dropdown-panel.tsx; /Users/hesong/Documents/gihub_space/forge/core/src/components/ui/tooltip.tsx; /Users/hesong/Documents/gihub_space/forge/core/src/components/ui/confirmation-dialog.tsx
Animations,Electric Border,边框呈抖动电弧和辉光,HighlightCard,D,页面特效,强装饰，非选中或错误状态表达,,https://reactbits.dev/animations/electric-border,https://github.com/DavidHDev/react-bits/blob/a0c0548a28fa951a8f5c605d28b2480234bc72e4/src/ts-tailwind/Animations/ElectricBorder/ElectricBorder.tsx,/Users/hesong/Documents/gihub_space/forge/core/src/components/ui/highlight-card.tsx
Animations,Orbit Images,图像沿 SVG 轨道环绕,"AvatarGroup, ImageGrid",D,页面特效,展示页关系示意，成员列表保持可扫描,motion/react,https://reactbits.dev/animations/orbit-images,https://github.com/DavidHDev/react-bits/blob/a0c0548a28fa951a8f5c605d28b2480234bc72e4/src/ts-tailwind/Animations/OrbitImages/OrbitImages.tsx,/Users/hesong/Documents/gihub_space/forge/core/src/components/ui/avatar.tsx; /Users/hesong/Documents/gihub_space/forge/core/src/components/ui/image-grid.tsx
Animations,Pixel Transition,悬停触发像素遮罩，切换前后内容,"ImageStatCard, ImageGrid",D,页面特效,展示图片转换，不用于菜单进出场,gsap,https://reactbits.dev/animations/pixel-transition,https://github.com/DavidHDev/react-bits/blob/a0c0548a28fa951a8f5c605d28b2480234bc72e4/src/ts-tailwind/Animations/PixelTransition/PixelTransition.tsx,/Users/hesong/Documents/gihub_space/forge/core/src/components/ui/image-stat-card.tsx; /Users/hesong/Documents/gihub_space/forge/core/src/components/ui/image-grid.tsx
Animations,Glare Hover,悬停时高光扫过表面,"Button, SurfaceCard, HighlightCard",B,核心可选,低强度可选反馈；不对所有数据卡持续播放,,https://reactbits.dev/animations/glare-hover,https://github.com/DavidHDev/react-bits/blob/a0c0548a28fa951a8f5c605d28b2480234bc72e4/src/ts-tailwind/Animations/GlareHover/GlareHover.tsx,/Users/hesong/Documents/gihub_space/forge/core/src/components/ui/button.tsx; /Users/hesong/Documents/gihub_space/forge/core/src/components/ui/surface-card.tsx; /Users/hesong/Documents/gihub_space/forge/core/src/components/ui/highlight-card.tsx
Animations,Antigravity,三维粒子被指针推开并漂浮,无直接对应,D,页面特效,品牌或登录背景，核心组件无对应,@react-three/fiber; three,https://reactbits.dev/animations/antigravity,https://github.com/DavidHDev/react-bits/blob/a0c0548a28fa951a8f5c605d28b2480234bc72e4/src/ts-tailwind/Animations/Antigravity/Antigravity.tsx,
Animations,Logo Loop,品牌图标连续循环，支持悬停暂停,AvatarGroup,D,页面特效,品牌展示条；AvatarGroup 仅是弱视觉类比，不直接复用其人员语义,,https://reactbits.dev/animations/logo-loop,https://github.com/DavidHDev/react-bits/blob/a0c0548a28fa951a8f5c605d28b2480234bc72e4/src/ts-tailwind/Animations/LogoLoop/LogoLoop.tsx,/Users/hesong/Documents/gihub_space/forge/core/src/components/ui/avatar.tsx
Animations,Target Cursor,四角光标吸附到可交互目标,无直接对应,E,不建议后台,不替代键盘焦点框或系统光标,gsap,https://reactbits.dev/animations/target-cursor,https://github.com/DavidHDev/react-bits/blob/a0c0548a28fa951a8f5c605d28b2480234bc72e4/src/ts-tailwind/Animations/TargetCursor/TargetCursor.tsx,
Animations,Magic Rings,发光环动态变形并响应交互,无直接对应,D,页面特效,独立视觉效果，非真实进度环,three,https://reactbits.dev/animations/magic-rings,https://github.com/DavidHDev/react-bits/blob/a0c0548a28fa951a8f5c605d28b2480234bc72e4/src/ts-tailwind/Animations/MagicRings/MagicRings.tsx,
Animations,Laser Flow,激光束流动并照亮表面,无直接对应,D,页面特效,展示背景效果，非流程连线组件,three,https://reactbits.dev/animations/laser-flow,https://github.com/DavidHDev/react-bits/blob/a0c0548a28fa951a8f5c605d28b2480234bc72e4/src/ts-tailwind/Animations/LaserFlow/LaserFlow.tsx,
Animations,Magnet Lines,短线方向随指针改变,无直接对应,D,页面特效,装饰线场，不替换图表或网格,,https://reactbits.dev/animations/magnet-lines,https://github.com/DavidHDev/react-bits/blob/a0c0548a28fa951a8f5c605d28b2480234bc72e4/src/ts-tailwind/Animations/MagnetLines/MagnetLines.tsx,
Animations,Ghost Cursor,半透明光标拖尾,无直接对应,E,不建议后台,后台无对应，保留系统光标,three; three/examples/jsm/postprocessing/EffectComposer.js; three/examples/jsm/postprocessing/RenderPass.js; three/examples/jsm/postprocessing/ShaderPass.js; three/examples/jsm/postprocessing/UnrealBloomPass.js,https://reactbits.dev/animations/ghost-cursor,https://github.com/DavidHDev/react-bits/blob/a0c0548a28fa951a8f5c605d28b2480234bc72e4/src/ts-tailwind/Animations/GhostCursor/GhostCursor.tsx,
Animations,Gradual Blur,在容器边缘叠加逐级模糊层,"ListGroup, ImageGrid",B,核心可选,仅可选溢出边缘提示；不能模糊选中项或遮挡操作，检查焦点可见性,,https://reactbits.dev/animations/gradual-blur,https://github.com/DavidHDev/react-bits/blob/a0c0548a28fa951a8f5c605d28b2480234bc72e4/src/ts-tailwind/Animations/GradualBlur/GradualBlur.tsx,/Users/hesong/Documents/gihub_space/forge/core/src/components/ui/list-group.tsx; /Users/hesong/Documents/gihub_space/forge/core/src/components/ui/image-grid.tsx
Animations,Click Spark,点击处产生放射火花,"Button, IconButton",D,页面特效,庆祝式反馈可选，普通操作不用粒子,,https://reactbits.dev/animations/click-spark,https://github.com/DavidHDev/react-bits/blob/a0c0548a28fa951a8f5c605d28b2480234bc72e4/src/ts-tailwind/Animations/ClickSpark/ClickSpark.tsx,/Users/hesong/Documents/gihub_space/forge/core/src/components/ui/button.tsx; /Users/hesong/Documents/gihub_space/forge/core/src/components/ui/icon-button.tsx
Animations,Magnet,元素被指针轻微吸引并回位,"Button, IconButton",D,页面特效,展示页 CTA 可选；后台按钮点击区域固定,,https://reactbits.dev/animations/magnet,https://github.com/DavidHDev/react-bits/blob/a0c0548a28fa951a8f5c605d28b2480234bc72e4/src/ts-tailwind/Animations/Magnet/Magnet.tsx,/Users/hesong/Documents/gihub_space/forge/core/src/components/ui/button.tsx; /Users/hesong/Documents/gihub_space/forge/core/src/components/ui/icon-button.tsx
Animations,Strands,多条发光丝带波动交织,无直接对应,D,页面特效,页面装饰画布,ogl,https://reactbits.dev/animations/strands,https://github.com/DavidHDev/react-bits/blob/a0c0548a28fa951a8f5c605d28b2480234bc72e4/src/ts-tailwind/Animations/Strands/Strands.tsx,
Animations,Sticker Peel,贴纸角翻起并揭开,"Label, ArtisticIcon",D,页面特效,装饰贴纸，不替换分类和状态文字,gsap; gsap/Draggable,https://reactbits.dev/animations/sticker-peel,https://github.com/DavidHDev/react-bits/blob/a0c0548a28fa951a8f5c605d28b2480234bc72e4/src/ts-tailwind/Animations/StickerPeel/StickerPeel.tsx,/Users/hesong/Documents/gihub_space/forge/core/src/components/ui/badge.tsx; /Users/hesong/Documents/gihub_space/forge/core/src/components/ui/badge.tsx
Animations,Pixel Trail,鼠标轨迹残留渐隐像素,无直接对应,E,不建议后台,后台无对应；不全局修改光标反馈,@react-three/drei; @react-three/fiber; three,https://reactbits.dev/animations/pixel-trail,https://github.com/DavidHDev/react-bits/blob/a0c0548a28fa951a8f5c605d28b2480234bc72e4/src/ts-tailwind/Animations/PixelTrail/PixelTrail.tsx,
Animations,Cubes,立方体阵列旋转并响应指针,无直接对应,D,页面特效,三维展示，不是 Grid 布局动效,gsap,https://reactbits.dev/animations/cubes,https://github.com/DavidHDev/react-bits/blob/a0c0548a28fa951a8f5c605d28b2480234bc72e4/src/ts-tailwind/Animations/Cubes/Cubes.tsx,
Animations,Metallic Paint,图像或标志呈流动金属质感,无直接对应,D,页面特效,品牌标志渲染，非操作状态,,https://reactbits.dev/animations/metallic-paint,https://github.com/DavidHDev/react-bits/blob/a0c0548a28fa951a8f5c605d28b2480234bc72e4/src/ts-tailwind/Animations/MetallicPaint/MetallicPaint.tsx,
Animations,Noise,动态颗粒噪声叠层,无直接对应,D,页面特效,页面质感装饰，后台内容区无默认需求,,https://reactbits.dev/animations/noise,https://github.com/DavidHDev/react-bits/blob/a0c0548a28fa951a8f5c605d28b2480234bc72e4/src/ts-tailwind/Animations/Noise/Noise.tsx,
Animations,Shape Blur,几何形状边缘模糊并随悬停变化,无直接对应,D,页面特效,抽象装饰，不用于焦点指示,three,https://reactbits.dev/animations/shape-blur,https://github.com/DavidHDev/react-bits/blob/a0c0548a28fa951a8f5c605d28b2480234bc72e4/src/ts-tailwind/Animations/ShapeBlur/ShapeBlur.tsx,
Animations,Crosshair,十字光标跟随并响应目标,无直接对应,E,不建议后台,仅专用画布工具可能适用，普通后台不替换系统光标,gsap,https://reactbits.dev/animations/crosshair,https://github.com/DavidHDev/react-bits/blob/a0c0548a28fa951a8f5c605d28b2480234bc72e4/src/ts-tailwind/Animations/Crosshair/Crosshair.tsx,
Animations,Image Trail,鼠标轨迹产生多张图片,无直接对应,E,不建议后台,后台无对应；易覆盖菜单和操作对象,gsap,https://reactbits.dev/animations/image-trail,https://github.com/DavidHDev/react-bits/blob/a0c0548a28fa951a8f5c605d28b2480234bc72e4/src/ts-tailwind/Animations/ImageTrail/ImageTrail.tsx,
Animations,Ribbons,丝带随鼠标轨迹流动,无直接对应,E,不建议后台,后台无对应，页面特效可另行选择,ogl,https://reactbits.dev/animations/ribbons,https://github.com/DavidHDev/react-bits/blob/a0c0548a28fa951a8f5c605d28b2480234bc72e4/src/ts-tailwind/Animations/Ribbons/Ribbons.tsx,
Animations,Splash Cursor,流体随指针移动形成喷溅,无直接对应,E,不建议后台,后台无对应，不在应用全局开启,,https://reactbits.dev/animations/splash-cursor,https://github.com/DavidHDev/react-bits/blob/a0c0548a28fa951a8f5c605d28b2480234bc72e4/src/ts-tailwind/Animations/SplashCursor/SplashCursor.tsx,
Animations,Meta Balls,液态球相互融合与分离,无直接对应,D,页面特效,独立装饰画布，不等于普通加载器,ogl,https://reactbits.dev/animations/meta-balls,https://github.com/DavidHDev/react-bits/blob/a0c0548a28fa951a8f5c605d28b2480234bc72e4/src/ts-tailwind/Animations/MetaBalls/MetaBalls.tsx,
Animations,Blob Cursor,软团形光标弹性追随,无直接对应,E,不建议后台,后台无对应，不替换系统光标,gsap,https://reactbits.dev/animations/blob-cursor,https://github.com/DavidHDev/react-bits/blob/a0c0548a28fa951a8f5c605d28b2480234bc72e4/src/ts-tailwind/Animations/BlobCursor/BlobCursor.tsx,
Animations,Star Border,边框上光点或星光循环流动,"Button, HighlightCard",D,页面特效,专题 CTA 可用，不作为所有按钮边框,,https://reactbits.dev/animations/star-border,https://github.com/DavidHDev/react-bits/blob/a0c0548a28fa951a8f5c605d28b2480234bc72e4/src/ts-tailwind/Animations/StarBorder/StarBorder.tsx,/Users/hesong/Documents/gihub_space/forge/core/src/components/ui/button.tsx; /Users/hesong/Documents/gihub_space/forge/core/src/components/ui/highlight-card.tsx
Components,Flex Carousel,图像带连续移动，边缘折射和点击聚焦,ImageGrid,D,页面特效,用于作品或产品展示，持续移动和折射不作为业务默认,ogl,https://reactbits.dev/components/flex-carousel,https://github.com/DavidHDev/react-bits/blob/a0c0548a28fa951a8f5c605d28b2480234bc72e4/src/ts-tailwind/Components/FlexCarousel/FlexCarousel.tsx,/Users/hesong/Documents/gihub_space/forge/core/src/components/ui/image-grid.tsx
Components,Infinite Spiral,图片沿三维螺旋无限运动,ImageGrid,D,页面特效,展示页图像装置；没有基础控件对应,,https://reactbits.dev/components/infinite-spiral,https://github.com/DavidHDev/react-bits/blob/a0c0548a28fa951a8f5c605d28b2480234bc72e4/src/ts-tailwind/Components/InfiniteSpiral/InfiniteSpiral.tsx,/Users/hesong/Documents/gihub_space/forge/core/src/components/ui/image-grid.tsx
Components,Depth Carousel,卡片沿三维轨道移动，支持拖动和键盘,"ImageGrid, PageDot",D,页面特效,作为展示轮播的可选样式；后台默认平面布局,gsap,https://reactbits.dev/components/depth-carousel,https://github.com/DavidHDev/react-bits/blob/a0c0548a28fa951a8f5c605d28b2480234bc72e4/src/ts-tailwind/Components/DepthCarousel/DepthCarousel.tsx,/Users/hesong/Documents/gihub_space/forge/core/src/components/ui/image-grid.tsx; /Users/hesong/Documents/gihub_space/forge/core/src/components/ui/page-dot.tsx
Components,Morph Slider,图片通过位移扭曲融化切换,ImageGrid,D,页面特效,图片幻灯片效果；不是表单 Slider,gsap; ogl,https://reactbits.dev/components/morph-slider,https://github.com/DavidHDev/react-bits/blob/a0c0548a28fa951a8f5c605d28b2480234bc72e4/src/ts-tailwind/Components/MorphSlider/MorphSlider.tsx,/Users/hesong/Documents/gihub_space/forge/core/src/components/ui/image-grid.tsx
Components,Drift Wall,透视图块墙持续漂移并在悬停时抬起,ImageGrid,D,页面特效,作品墙展示，后台图片网格保持稳定,,https://reactbits.dev/components/drift-wall,https://github.com/DavidHDev/react-bits/blob/a0c0548a28fa951a8f5c605d28b2480234bc72e4/src/ts-tailwind/Components/DriftWall/DriftWall.tsx,/Users/hesong/Documents/gihub_space/forge/core/src/components/ui/image-grid.tsx
Components,Accordion Gallery,图片面板展开并显示视差图像和说明,ImageGrid,D,页面特效,图集组件候选，不等同于普通 Accordion 折叠控件,gsap,https://reactbits.dev/components/accordion-gallery,https://github.com/DavidHDev/react-bits/blob/a0c0548a28fa951a8f5c605d28b2480234bc72e4/src/ts-tailwind/Components/AccordionGallery/AccordionGallery.tsx,/Users/hesong/Documents/gihub_space/forge/core/src/components/ui/image-grid.tsx
Components,Specular Button,按钮表面随指针变化的镜面高光,"Button, IconButton",B,核心可选,上游依赖 OGL；镜面表面仅做可选展示，普通按钮先用 CSS 实现按压、聚焦和禁用反馈，不为基础按钮引入 WebGL,ogl,https://reactbits.dev/components/specular-button,https://github.com/DavidHDev/react-bits/blob/a0c0548a28fa951a8f5c605d28b2480234bc72e4/src/ts-tailwind/Components/SpecularButton/SpecularButton.tsx,/Users/hesong/Documents/gihub_space/forge/core/src/components/ui/button.tsx; /Users/hesong/Documents/gihub_space/forge/core/src/components/ui/icon-button.tsx
Components,Option Wheel,选项沿曲面轮盘滚动并吸附,"SelectOption, Datepicker",C,新增能力候选,新增 WheelPicker 候选，面向触屏；不直接替换桌面 SelectOption,,https://reactbits.dev/components/option-wheel,https://github.com/DavidHDev/react-bits/blob/a0c0548a28fa951a8f5c605d28b2480234bc72e4/src/ts-tailwind/Components/OptionWheel/OptionWheel.tsx,/Users/hesong/Documents/gihub_space/forge/core/src/components/ui/forms/select-option.tsx; /Users/hesong/Documents/gihub_space/forge/core/src/components/ui/forms/datepicker.tsx
Components,Curved Input,输入文字、光标和按钮沿弧线排布,"TextField, ChatInputBar",D,页面特效,造型输入适合专题展示；后台录入保留直线和稳定光标,,https://reactbits.dev/components/curved-input,https://github.com/DavidHDev/react-bits/blob/a0c0548a28fa951a8f5c605d28b2480234bc72e4/src/ts-tailwind/Components/CurvedInput/CurvedInput.tsx,/Users/hesong/Documents/gihub_space/forge/core/src/components/ui/forms/text-field.tsx; /Users/hesong/Documents/gihub_space/forge/core/src/components/ui/chat-input-bar.tsx
Components,Line Sidebar,侧栏条目按鼠标距离偏移和高亮,"SidebarMenu, AppLayout",B,核心可选,借鉴高亮的平滑过渡；正文和点击区域保持固定位置,,https://reactbits.dev/components/line-sidebar,https://github.com/DavidHDev/react-bits/blob/a0c0548a28fa951a8f5c605d28b2480234bc72e4/src/ts-tailwind/Components/LineSidebar/LineSidebar.tsx,/Users/hesong/Documents/gihub_space/forge/core/src/components/ui/sidebar-menu.tsx; /Users/hesong/Documents/gihub_space/forge/core/src/components/layouts/app-layout.tsx
Components,Animated List,滚动列表入场、选中项反馈和边缘渐隐,"ListGroup, ListItem, NotificationItem, AgentTaskRows, CommandSearch",B,核心可选,只对新插入或首次出现项轻量入场；虚拟滚动和筛选时不反复整表播动画,motion/react,https://reactbits.dev/components/animated-list,https://github.com/DavidHDev/react-bits/blob/a0c0548a28fa951a8f5c605d28b2480234bc72e4/src/ts-tailwind/Components/AnimatedList/AnimatedList.tsx,/Users/hesong/Documents/gihub_space/forge/core/src/components/ui/list-group.tsx; /Users/hesong/Documents/gihub_space/forge/core/src/components/ui/list-item.tsx; /Users/hesong/Documents/gihub_space/forge/core/src/components/ui/notification-item.tsx; /Users/hesong/Documents/gihub_space/forge/core/src/components/ui/agent/agent-task-rows.tsx; /Users/hesong/Documents/gihub_space/forge/core/src/components/ui/agent/command-search.tsx
Components,Scroll Stack,滚动过程中卡片依次叠放,"SurfaceCard, ProjectCard",D,页面特效,介绍页滚动叙事；不应用于可编辑业务卡片列表,lenis,https://reactbits.dev/components/scroll-stack,https://github.com/DavidHDev/react-bits/blob/a0c0548a28fa951a8f5c605d28b2480234bc72e4/src/ts-tailwind/Components/ScrollStack/ScrollStack.tsx,/Users/hesong/Documents/gihub_space/forge/core/src/components/ui/surface-card.tsx; /Users/hesong/Documents/gihub_space/forge/core/src/components/ui/project-card.tsx
Components,Bubble Menu,圆泡菜单展开，条目按序弹入,"TopBar, AppLayout",D,页面特效,适合独立入口页；正式导航只取短时进出场思路,gsap,https://reactbits.dev/components/bubble-menu,https://github.com/DavidHDev/react-bits/blob/a0c0548a28fa951a8f5c605d28b2480234bc72e4/src/ts-tailwind/Components/BubbleMenu/BubbleMenu.tsx,/Users/hesong/Documents/gihub_space/forge/core/src/components/ui/topbar.tsx; /Users/hesong/Documents/gihub_space/forge/core/src/components/layouts/app-layout.tsx
Components,Magic Bento,网格卡片聚光、倾斜、粒子等组合反馈,"SurfaceCard, StatCard, ProjectCard",D,页面特效,组件展示页可用；基础卡片仅考虑可选边框或表面反馈,gsap,https://reactbits.dev/components/magic-bento,https://github.com/DavidHDev/react-bits/blob/a0c0548a28fa951a8f5c605d28b2480234bc72e4/src/ts-tailwind/Components/MagicBento/MagicBento.tsx,/Users/hesong/Documents/gihub_space/forge/core/src/components/ui/surface-card.tsx; /Users/hesong/Documents/gihub_space/forge/core/src/components/ui/stat-card.tsx; /Users/hesong/Documents/gihub_space/forge/core/src/components/ui/project-card.tsx
Components,Circular Gallery,图片沿弧形环绕滚动,ImageGrid,D,页面特效,适合展示图库，非数据密集型图片列表,ogl,https://reactbits.dev/components/circular-gallery,https://github.com/DavidHDev/react-bits/blob/a0c0548a28fa951a8f5c605d28b2480234bc72e4/src/ts-tailwind/Components/CircularGallery/CircularGallery.tsx,/Users/hesong/Documents/gihub_space/forge/core/src/components/ui/image-grid.tsx
Components,Reflective Card,卡片反射纹理随交互变化,"CreditCard, DebitCard",D,页面特效,金融卡片展示变体；不用于所有 SurfaceCard,lucide-react,https://reactbits.dev/components/reflective-card,https://github.com/DavidHDev/react-bits/blob/a0c0548a28fa951a8f5c605d28b2480234bc72e4/src/ts-tailwind/Components/ReflectiveCard/ReflectiveCard.tsx,/Users/hesong/Documents/gihub_space/forge/core/src/components/ui/credit-card.tsx; /Users/hesong/Documents/gihub_space/forge/core/src/components/ui/debit-card.tsx
Components,Card Nav,导航栏展开为多组链接卡片,"TopBar, DropdownPanel",D,页面特效,官网 mega menu 参考；后台下拉保持紧凑 MenuItem 结构,gsap; react-icons/go,https://reactbits.dev/components/card-nav,https://github.com/DavidHDev/react-bits/blob/a0c0548a28fa951a8f5c605d28b2480234bc72e4/src/ts-tailwind/Components/CardNav/CardNav.tsx,/Users/hesong/Documents/gihub_space/forge/core/src/components/ui/topbar.tsx; /Users/hesong/Documents/gihub_space/forge/core/src/components/ui/dropdown-panel.tsx
Components,Stack,可拖动或切换的堆叠卡片,"SurfaceCard, ImageGrid",C,新增能力候选,新增 CardStack 组合候选；不改变 SurfaceCard 基础容器职责,motion/react,https://reactbits.dev/components/stack,https://github.com/DavidHDev/react-bits/blob/a0c0548a28fa951a8f5c605d28b2480234bc72e4/src/ts-tailwind/Components/Stack/Stack.tsx,/Users/hesong/Documents/gihub_space/forge/core/src/components/ui/surface-card.tsx; /Users/hesong/Documents/gihub_space/forge/core/src/components/ui/image-grid.tsx
Components,Fluid Glass,三维玻璃折射内容并随交互移动,SurfaceCard,D,页面特效,展示专用，不能用来替换所有白底信息容器,@react-three/drei; @react-three/fiber; maath; three,https://reactbits.dev/components/fluid-glass,https://github.com/DavidHDev/react-bits/blob/a0c0548a28fa951a8f5c605d28b2480234bc72e4/src/ts-tailwind/Components/FluidGlass/FluidGlass.tsx,/Users/hesong/Documents/gihub_space/forge/core/src/components/ui/surface-card.tsx
Components,Pill Nav,胶囊导航的背景扩展与文字切换,"TabBar, ButtonGroup, TopBar",B,核心可选,提取选中层过渡；沿用 Forge 的导航几何和密度,gsap; react-router-dom,https://reactbits.dev/components/pill-nav,https://github.com/DavidHDev/react-bits/blob/a0c0548a28fa951a8f5c605d28b2480234bc72e4/src/ts-tailwind/Components/PillNav/PillNav.tsx,/Users/hesong/Documents/gihub_space/forge/core/src/components/ui/tab-bar.tsx; /Users/hesong/Documents/gihub_space/forge/core/src/components/ui/button-group.tsx; /Users/hesong/Documents/gihub_space/forge/core/src/components/ui/topbar.tsx
Components,Tilted Card,卡片随指针三维倾斜并带浮动说明,"ImageStatCard, UserCard, ProfileCard",D,页面特效,仅展示变体，业务卡片内部操作区保持固定,motion/react,https://reactbits.dev/components/tilted-card,https://github.com/DavidHDev/react-bits/blob/a0c0548a28fa951a8f5c605d28b2480234bc72e4/src/ts-tailwind/Components/TiltedCard/TiltedCard.tsx,/Users/hesong/Documents/gihub_space/forge/core/src/components/ui/image-stat-card.tsx; /Users/hesong/Documents/gihub_space/forge/core/src/components/ui/user-card.tsx; /Users/hesong/Documents/gihub_space/forge/core/src/components/ui/profile-card.tsx
Components,Masonry,瀑布流布局与重排过渡,ImageGrid,C,新增能力候选,新增 Masonry 布局变体候选；属于布局能力，需先定义测量和响应式规则,gsap,https://reactbits.dev/components/masonry,https://github.com/DavidHDev/react-bits/blob/a0c0548a28fa951a8f5c605d28b2480234bc72e4/src/ts-tailwind/Components/Masonry/Masonry.tsx,/Users/hesong/Documents/gihub_space/forge/core/src/components/ui/image-grid.tsx
Components,Glass Surface,玻璃表面进行背景折射与光照处理,"SurfaceCard, TopBar",D,页面特效,整体主题研究项，超出本轮组件交互统一范围,,https://reactbits.dev/components/glass-surface,https://github.com/DavidHDev/react-bits/blob/a0c0548a28fa951a8f5c605d28b2480234bc72e4/src/ts-tailwind/Components/GlassSurface/GlassSurface.tsx,/Users/hesong/Documents/gihub_space/forge/core/src/components/ui/surface-card.tsx; /Users/hesong/Documents/gihub_space/forge/core/src/components/ui/topbar.tsx
Components,Dome Gallery,图片覆盖三维穹顶并可拖动浏览,ImageGrid,D,页面特效,大型互动图库，不纳入基础组件动效,@use-gesture/react,https://reactbits.dev/components/dome-gallery,https://github.com/DavidHDev/react-bits/blob/a0c0548a28fa951a8f5c605d28b2480234bc72e4/src/ts-tailwind/Components/DomeGallery/DomeGallery.tsx,/Users/hesong/Documents/gihub_space/forge/core/src/components/ui/image-grid.tsx
Components,Chroma Grid,灰度卡片在指针附近恢复颜色,"ImageGrid, UserCard",D,页面特效,展示团队或作品可选，头像和业务图片默认清晰可见,gsap,https://reactbits.dev/components/chroma-grid,https://github.com/DavidHDev/react-bits/blob/a0c0548a28fa951a8f5c605d28b2480234bc72e4/src/ts-tailwind/Components/ChromaGrid/ChromaGrid.tsx,/Users/hesong/Documents/gihub_space/forge/core/src/components/ui/image-grid.tsx; /Users/hesong/Documents/gihub_space/forge/core/src/components/ui/user-card.tsx
Components,Folder,文件夹打开并露出纸张,"FileCard, FileTypeIcon",B,核心可选,可选文件夹图标展开反馈；文件选择仍由原列表和菜单负责,,https://reactbits.dev/components/folder,https://github.com/DavidHDev/react-bits/blob/a0c0548a28fa951a8f5c605d28b2480234bc72e4/src/ts-tailwind/Components/Folder/Folder.tsx,/Users/hesong/Documents/gihub_space/forge/core/src/components/ui/forms/file-upload.tsx; /Users/hesong/Documents/gihub_space/forge/core/src/components/ui/forms/file-upload.tsx
Components,Staggered Menu,大幅菜单层展开，菜单项依次出现,"SidebarMenu, AppLayout",B,核心可选,仅用于移动侧栏的短时错峰；桌面菜单不等待逐项播放,gsap,https://reactbits.dev/components/staggered-menu,https://github.com/DavidHDev/react-bits/blob/a0c0548a28fa951a8f5c605d28b2480234bc72e4/src/ts-tailwind/Components/StaggeredMenu/StaggeredMenu.tsx,/Users/hesong/Documents/gihub_space/forge/core/src/components/ui/sidebar-menu.tsx; /Users/hesong/Documents/gihub_space/forge/core/src/components/layouts/app-layout.tsx
Components,Model Viewer,三维模型旋转查看与灯光控制,无直接对应,C,新增能力候选,新增独立媒体查看器候选；是业务能力而非控件动效，需单独入口和按需依赖,@react-three/drei; @react-three/fiber; three; three/examples/jsm/loaders/OBJLoader.js,https://reactbits.dev/components/model-viewer,https://github.com/DavidHDev/react-bits/blob/a0c0548a28fa951a8f5c605d28b2480234bc72e4/src/ts-tailwind/Components/ModelViewer/ModelViewer.tsx,
Components,Lanyard,三维证件卡在挂绳上摆动,"ProfileCard, UserCard",D,页面特效,个人介绍展示，不把物理挂绳加入后台资料卡,@react-three/drei; @react-three/fiber; @react-three/rapier; meshline; three,https://reactbits.dev/components/lanyard,https://github.com/DavidHDev/react-bits/blob/a0c0548a28fa951a8f5c605d28b2480234bc72e4/src/ts-tailwind/Components/Lanyard/Lanyard.tsx,/Users/hesong/Documents/gihub_space/forge/core/src/components/ui/profile-card.tsx; /Users/hesong/Documents/gihub_space/forge/core/src/components/ui/user-card.tsx
Components,Profile Card,个人卡片倾斜并出现全息高光,"ProfileCard, UserCard",D,页面特效,同名功能部分接近，视觉用途不同；保留 Forge 原有资料和操作结构,,https://reactbits.dev/components/profile-card,https://github.com/DavidHDev/react-bits/blob/a0c0548a28fa951a8f5c605d28b2480234bc72e4/src/ts-tailwind/Components/ProfileCard/ProfileCard.tsx,/Users/hesong/Documents/gihub_space/forge/core/src/components/ui/profile-card.tsx; /Users/hesong/Documents/gihub_space/forge/core/src/components/ui/user-card.tsx
Components,Dock,鼠标靠近时图标放大并带动相邻图标,"IconButton, Toolbar, TopBar",D,页面特效,可供产品快捷启动栏探索；高密度工具栏不改变点击位置和尺寸,motion/react,https://reactbits.dev/components/dock,https://github.com/DavidHDev/react-bits/blob/a0c0548a28fa951a8f5c605d28b2480234bc72e4/src/ts-tailwind/Components/Dock/Dock.tsx,/Users/hesong/Documents/gihub_space/forge/core/src/components/ui/icon-button.tsx; /Users/hesong/Documents/gihub_space/forge/core/src/components/ui/toolbar.tsx; /Users/hesong/Documents/gihub_space/forge/core/src/components/ui/topbar.tsx
Components,Gooey Nav,导航选中时出现粘性融合和粒子形变,"TabBar, ToolbarPillTabs",B,核心可选,保留选中指示器移动；粒子和强粘连作为展示效果，默认关闭,,https://reactbits.dev/components/gooey-nav,https://github.com/DavidHDev/react-bits/blob/a0c0548a28fa951a8f5c605d28b2480234bc72e4/src/ts-tailwind/Components/GooeyNav/GooeyNav.tsx,/Users/hesong/Documents/gihub_space/forge/core/src/components/ui/tab-bar.tsx; /Users/hesong/Documents/gihub_space/forge/core/src/components/ui/toolbar.tsx
Components,Pixel Card,卡片表面像素按状态点亮,"SurfaceCard, HighlightCard",D,页面特效,专题或 AI 展示可选，避免像素闪烁覆盖正文,,https://reactbits.dev/components/pixel-card,https://github.com/DavidHDev/react-bits/blob/a0c0548a28fa951a8f5c605d28b2480234bc72e4/src/ts-tailwind/Components/PixelCard/PixelCard.tsx,/Users/hesong/Documents/gihub_space/forge/core/src/components/ui/surface-card.tsx; /Users/hesong/Documents/gihub_space/forge/core/src/components/ui/highlight-card.tsx
Components,Carousel,图片横向轮播、拖拽和分页过渡,"ImageGrid, PageDot",C,新增能力候选,新增 Carousel 候选，复用 PageDot；自动轮播支持暂停,motion/react; react-icons/fi,https://reactbits.dev/components/carousel,https://github.com/DavidHDev/react-bits/blob/a0c0548a28fa951a8f5c605d28b2480234bc72e4/src/ts-tailwind/Components/Carousel/Carousel.tsx,/Users/hesong/Documents/gihub_space/forge/core/src/components/ui/image-grid.tsx; /Users/hesong/Documents/gihub_space/forge/core/src/components/ui/page-dot.tsx
Components,Spotlight Card,指针附近出现局部聚光,"SurfaceCard, ProjectCard, HighlightCard",B,核心可选,低强度 hover 变体，键盘焦点仍有独立清晰轮廓,,https://reactbits.dev/components/spotlight-card,https://github.com/DavidHDev/react-bits/blob/a0c0548a28fa951a8f5c605d28b2480234bc72e4/src/ts-tailwind/Components/SpotlightCard/SpotlightCard.tsx,/Users/hesong/Documents/gihub_space/forge/core/src/components/ui/surface-card.tsx; /Users/hesong/Documents/gihub_space/forge/core/src/components/ui/project-card.tsx; /Users/hesong/Documents/gihub_space/forge/core/src/components/ui/highlight-card.tsx
Components,Border Glow,边缘渐变辉光随指针移动增强,"SurfaceCard, HighlightCard",D,页面特效,AI 功能展示可选；不是普通卡片的默认状态表达,,https://reactbits.dev/components/border-glow,https://github.com/DavidHDev/react-bits/blob/a0c0548a28fa951a8f5c605d28b2480234bc72e4/src/ts-tailwind/Components/BorderGlow/BorderGlow.tsx,/Users/hesong/Documents/gihub_space/forge/core/src/components/ui/surface-card.tsx; /Users/hesong/Documents/gihub_space/forge/core/src/components/ui/highlight-card.tsx
Components,Flying Posters,海报随滚动在三维空间翻转,ImageGrid,D,页面特效,用于长页叙事，非 core 列表行为,ogl,https://reactbits.dev/components/flying-posters,https://github.com/DavidHDev/react-bits/blob/a0c0548a28fa951a8f5c605d28b2480234bc72e4/src/ts-tailwind/Components/FlyingPosters/FlyingPosters.tsx,/Users/hesong/Documents/gihub_space/forge/core/src/components/ui/image-grid.tsx
Components,Card Swap,堆叠卡片按顺序交换位置,"SurfaceCard, ProjectCard",D,页面特效,展示轮换，避免默认隐藏用户需要比较的数据,gsap,https://reactbits.dev/components/card-swap,https://github.com/DavidHDev/react-bits/blob/a0c0548a28fa951a8f5c605d28b2480234bc72e4/src/ts-tailwind/Components/CardSwap/CardSwap.tsx,/Users/hesong/Documents/gihub_space/forge/core/src/components/ui/surface-card.tsx; /Users/hesong/Documents/gihub_space/forge/core/src/components/ui/project-card.tsx
Components,Glass Icons,图标采用玻璃层叠和悬停分层,"CircleIcon, ArtisticIcon, IconButton",D,页面特效,装饰图标展示；操作图标继续保持清晰且一致,,https://reactbits.dev/components/glass-icons,https://github.com/DavidHDev/react-bits/blob/a0c0548a28fa951a8f5c605d28b2480234bc72e4/src/ts-tailwind/Components/GlassIcons/GlassIcons.tsx,/Users/hesong/Documents/gihub_space/forge/core/src/components/ui/badge.tsx; /Users/hesong/Documents/gihub_space/forge/core/src/components/ui/badge.tsx; /Users/hesong/Documents/gihub_space/forge/core/src/components/ui/icon-button.tsx
Components,Decay Card,图片悬停时产生扭曲衰变,"ImageStatCard, ImageGrid",D,页面特效,视觉展示专用，不表达真实数据损坏状态,gsap,https://reactbits.dev/components/decay-card,https://github.com/DavidHDev/react-bits/blob/a0c0548a28fa951a8f5c605d28b2480234bc72e4/src/ts-tailwind/Components/DecayCard/DecayCard.tsx,/Users/hesong/Documents/gihub_space/forge/core/src/components/ui/image-stat-card.tsx; /Users/hesong/Documents/gihub_space/forge/core/src/components/ui/image-grid.tsx
Components,Flowing Menu,悬停时图文跑马灯从边缘滑入并循环,"MenuItem, SidebarMenu",D,页面特效,营销导航展示效果；不用于业务菜单文字，避免持续运动影响扫描,gsap,https://reactbits.dev/components/flowing-menu,https://github.com/DavidHDev/react-bits/blob/a0c0548a28fa951a8f5c605d28b2480234bc72e4/src/ts-tailwind/Components/FlowingMenu/FlowingMenu.tsx,/Users/hesong/Documents/gihub_space/forge/core/src/components/ui/menu-item.tsx; /Users/hesong/Documents/gihub_space/forge/core/src/components/ui/sidebar-menu.tsx
Components,Elastic Slider,滑块拖拽和越界产生弹性反馈,无直接对应,C,新增能力候选,新增 Slider 候选；与 WakeSlider 共用一个输入契约，样式作为变体,motion/react,https://reactbits.dev/components/elastic-slider,https://github.com/DavidHDev/react-bits/blob/a0c0548a28fa951a8f5c605d28b2480234bc72e4/src/ts-tailwind/Components/ElasticSlider/ElasticSlider.tsx,
Components,Counter,各数位沿竖向滚动形成数字变化,"StatCard, BalanceCard, CellNumber, ChartValueRow",B,核心可选,适合少量关键指标；表格数字默认静态，读屏读取最终值,motion/react,https://reactbits.dev/components/counter,https://github.com/DavidHDev/react-bits/blob/a0c0548a28fa951a8f5c605d28b2480234bc72e4/src/ts-tailwind/Components/Counter/Counter.tsx,/Users/hesong/Documents/gihub_space/forge/core/src/components/ui/stat-card.tsx; /Users/hesong/Documents/gihub_space/forge/core/src/components/ui/balance-card.tsx; /Users/hesong/Documents/gihub_space/forge/core/src/components/ui/data-table.tsx; /Users/hesong/Documents/gihub_space/forge/core/src/components/ui/charts/chart-value-row.tsx
Components,Infinite Menu,可拖动旋转的三维图像菜单,ImageGrid,D,页面特效,属于探索式图像导航；不替换 SidebarMenu 或下拉菜单,gl-matrix,https://reactbits.dev/components/infinite-menu,https://github.com/DavidHDev/react-bits/blob/a0c0548a28fa951a8f5c605d28b2480234bc72e4/src/ts-tailwind/Components/InfiniteMenu/InfiniteMenu.tsx,/Users/hesong/Documents/gihub_space/forge/core/src/components/ui/image-grid.tsx
Components,Stepper,步骤标记、连接线和内容面板过渡,Stepper,B,核心可选,Forge Stepper 目前是无文字的点条指示器；可增强宽度和颜色过渡。带标题、连接线、内容切换的向导需要新增组合组件,motion/react,https://reactbits.dev/components/stepper,https://github.com/DavidHDev/react-bits/blob/a0c0548a28fa951a8f5c605d28b2480234bc72e4/src/ts-tailwind/Components/Stepper/Stepper.tsx,/Users/hesong/Documents/gihub_space/forge/core/src/components/ui/stepper.tsx
Components,Bounce Cards,卡片弹跳入场并响应悬停,"SurfaceCard, ProjectCard, UserCard",D,页面特效,可借鉴短时淡入；大幅弹跳不用于业务默认,gsap,https://reactbits.dev/components/bounce-cards,https://github.com/DavidHDev/react-bits/blob/a0c0548a28fa951a8f5c605d28b2480234bc72e4/src/ts-tailwind/Components/BounceCards/BounceCards.tsx,/Users/hesong/Documents/gihub_space/forge/core/src/components/ui/surface-card.tsx; /Users/hesong/Documents/gihub_space/forge/core/src/components/ui/project-card.tsx; /Users/hesong/Documents/gihub_space/forge/core/src/components/ui/user-card.tsx
Micro,Shredder,拖拽列表项进入碎纸口，碎片落下，列表补位,"ListItem, FileCard",E,不建议后台,后台删除采用确认或撤销反馈；仅可参考删除后行高度收起，碎纸表演不入默认组件,,https://reactbits.dev/micro/shredder,https://github.com/DavidHDev/react-bits/blob/a0c0548a28fa951a8f5c605d28b2480234bc72e4/src/ts-tailwind/Micro/Shredder/Shredder.tsx,/Users/hesong/Documents/gihub_space/forge/core/src/components/ui/list-item.tsx; /Users/hesong/Documents/gihub_space/forge/core/src/components/ui/forms/file-upload.tsx
Micro,Paper Crumple,图片变成可拖动、可揉皱的三维纸张,"ImageGrid, ImageStatCard",D,页面特效,适合展示页；无对应基础操作语义,three,https://reactbits.dev/micro/paper-crumple,https://github.com/DavidHDev/react-bits/blob/a0c0548a28fa951a8f5c605d28b2480234bc72e4/src/ts-tailwind/Micro/PaperCrumple/PaperCrumple.tsx,/Users/hesong/Documents/gihub_space/forge/core/src/components/ui/image-grid.tsx; /Users/hesong/Documents/gihub_space/forge/core/src/components/ui/image-stat-card.tsx
Micro,Tear Ticket,票券沿虚线撕开、纸纤维断裂并盖已使用章,无直接对应,D,页面特效,暂无票券组件；适合票务专题的业务展示，不放基础 core,motion/react,https://reactbits.dev/micro/tear-ticket,https://github.com/DavidHDev/react-bits/blob/a0c0548a28fa951a8f5c605d28b2480234bc72e4/src/ts-tailwind/Micro/TearTicket/TearTicket.tsx,
Micro,Flip Card,卡片点击或拖动三维翻面，伴随倾斜和高光,"CreditCard, DebitCard, ProfileCard, SurfaceCard",B,核心可选,可选双面卡片组合；隐藏面不可聚焦，敏感内容显示仍受业务规则控制,motion/react,https://reactbits.dev/micro/flip-card,https://github.com/DavidHDev/react-bits/blob/a0c0548a28fa951a8f5c605d28b2480234bc72e4/src/ts-tailwind/Micro/FlipCard/FlipCard.tsx,/Users/hesong/Documents/gihub_space/forge/core/src/components/ui/credit-card.tsx; /Users/hesong/Documents/gihub_space/forge/core/src/components/ui/debit-card.tsx; /Users/hesong/Documents/gihub_space/forge/core/src/components/ui/profile-card.tsx; /Users/hesong/Documents/gihub_space/forge/core/src/components/ui/surface-card.tsx
Micro,Branched Menu,分组菜单折叠展开，分支连接线描绘与选中标记移动,"SidebarMenu, AppLayout",A,核心优先,保留层级展开和标记过渡；连接线做可选样式，沿用现有导航和权限逻辑,@hugeicons/core-free-icons; @hugeicons/react,https://reactbits.dev/micro/branched-menu,https://github.com/DavidHDev/react-bits/blob/a0c0548a28fa951a8f5c605d28b2480234bc72e4/src/ts-tailwind/Micro/BranchedMenu/BranchedMenu.tsx,/Users/hesong/Documents/gihub_space/forge/core/src/components/ui/sidebar-menu.tsx; /Users/hesong/Documents/gihub_space/forge/core/src/components/layouts/app-layout.tsx
Micro,Folder Float,文件夹打开，纸张和条目浮起形成可选内容云,"FileCard, FileUpload",D,页面特效,文件浏览演示可参考；正式文件列表采用清晰列表或菜单，不承载漂浮物理布局,matter-js,https://reactbits.dev/micro/folder-float,https://github.com/DavidHDev/react-bits/blob/a0c0548a28fa951a8f5c605d28b2480234bc72e4/src/ts-tailwind/Micro/FolderFloat/FolderFloat.tsx,/Users/hesong/Documents/gihub_space/forge/core/src/components/ui/forms/file-upload.tsx; /Users/hesong/Documents/gihub_space/forge/core/src/components/ui/forms/file-upload.tsx
Micro,Refine Frame,媒体生成各阶段通过模糊、透明度和缩放过渡,"MediaUpload, ImageGrid, ImageStatCard",B,核心可选,可选媒体处理状态；保持纵横比以避免布局跳动，状态由任务接口提供,@hugeicons/core-free-icons; @hugeicons/react,https://reactbits.dev/micro/refine-frame,https://github.com/DavidHDev/react-bits/blob/a0c0548a28fa951a8f5c605d28b2480234bc72e4/src/ts-tailwind/Micro/RefineFrame/RefineFrame.tsx,/Users/hesong/Documents/gihub_space/forge/core/src/components/ui/forms/media-upload.tsx; /Users/hesong/Documents/gihub_space/forge/core/src/components/ui/image-grid.tsx; /Users/hesong/Documents/gihub_space/forge/core/src/components/ui/image-stat-card.tsx
Micro,Thought Line,思考标题呼吸、计时、步骤出现、完成后文案切换并折叠,ThinkingTrace,B,核心可选,衔接现有展开状态；是否自动折叠由使用场景决定,@hugeicons/core-free-icons; @hugeicons/react; motion/react,https://reactbits.dev/micro/thought-line,https://github.com/DavidHDev/react-bits/blob/a0c0548a28fa951a8f5c605d28b2480234bc72e4/src/ts-tailwind/Micro/ThoughtLine/ThoughtLine.tsx,/Users/hesong/Documents/gihub_space/forge/core/src/components/ui/agent/thinking-trace.tsx
Micro,Voice Pill,麦克风扩展成音量条和计时胶囊，结束后缩回,"ChatInputBar, PromptBar",B,核心可选,只抽取录音状态视觉；音量和录音状态由真实音频逻辑输入，模拟波形标注演示,@hugeicons/core-free-icons; @hugeicons/react,https://reactbits.dev/micro/voice-pill,https://github.com/DavidHDev/react-bits/blob/a0c0548a28fa951a8f5c605d28b2480234bc72e4/src/ts-tailwind/Micro/VoicePill/VoicePill.tsx,/Users/hesong/Documents/gihub_space/forge/core/src/components/ui/chat-input-bar.tsx; /Users/hesong/Documents/gihub_space/forge/core/src/components/ui/agent/prompt-bar.tsx
Micro,Slosh Gauge,液面追随数值并产生倾斜和撞击波纹,"ProgressBar, MeterChart, ProgressStatCard",B,核心可选,只作为独立仪表可选样式；普通进度条保持稳定，数字始终显示真实值,,https://reactbits.dev/micro/slosh-gauge,https://github.com/DavidHDev/react-bits/blob/a0c0548a28fa951a8f5c605d28b2480234bc72e4/src/ts-tailwind/Micro/SloshGauge/SloshGauge.tsx,/Users/hesong/Documents/gihub_space/forge/core/src/components/ui/progress-bar.tsx; /Users/hesong/Documents/gihub_space/forge/core/src/components/ui/charts/meter-chart.tsx; /Users/hesong/Documents/gihub_space/forge/core/src/components/ui/progress-stat-card.tsx
Micro,Prompt Bar,输入就绪时发送块变色，运行时发送箭头变停止图标,"PromptBar, ChatInputBar",B,核心可选,同名为两个独立实现；增强现有 Forge PromptBar，菜单复用统一浮层动效,@hugeicons/core-free-icons; @hugeicons/react; motion/react,https://reactbits.dev/micro/prompt-bar,https://github.com/DavidHDev/react-bits/blob/a0c0548a28fa951a8f5c605d28b2480234bc72e4/src/ts-tailwind/Micro/PromptBar/PromptBar.tsx,/Users/hesong/Documents/gihub_space/forge/core/src/components/ui/agent/prompt-bar.tsx; /Users/hesong/Documents/gihub_space/forge/core/src/components/ui/chat-input-bar.tsx
Micro,Swipe Toast,消息条上浮、计时线消耗、悬停暂停、下滑消失,无直接对应,C,新增能力候选,core 尚无独立 Toast 公共导出；新增 Toast 候选，NotificationItem 不是替代品,@hugeicons/core-free-icons; @hugeicons/react; motion/react,https://reactbits.dev/micro/swipe-toast,https://github.com/DavidHDev/react-bits/blob/a0c0548a28fa951a8f5c605d28b2480234bc72e4/src/ts-tailwind/Micro/SwipeToast/SwipeToast.tsx,
Micro,Sling Button,拉弓蓄力并释放发送，按钮回弹,"ChatInputBar, PromptBar, IconButton",E,不建议后台,仅保留按压和发送图标反馈参考；后台高频发送不采用拉弓手势,@hugeicons/core-free-icons; @hugeicons/react; motion/react,https://reactbits.dev/micro/sling-button,https://github.com/DavidHDev/react-bits/blob/a0c0548a28fa951a8f5c605d28b2480234bc72e4/src/ts-tailwind/Micro/SlingButton/SlingButton.tsx,/Users/hesong/Documents/gihub_space/forge/core/src/components/ui/chat-input-bar.tsx; /Users/hesong/Documents/gihub_space/forge/core/src/components/ui/agent/prompt-bar.tsx; /Users/hesong/Documents/gihub_space/forge/core/src/components/ui/icon-button.tsx
Micro,Bell Toggle,铃铛摆动、标签交叉淡化、容器宽度变化,"IconButton, NotificationBadge, TopBar",B,核心可选,只在用户切换通知或订阅时反馈；未读数量变化不持续摇动,@hugeicons/core-free-icons; @hugeicons/react; motion/react,https://reactbits.dev/micro/bell-toggle,https://github.com/DavidHDev/react-bits/blob/a0c0548a28fa951a8f5c605d28b2480234bc72e4/src/ts-tailwind/Micro/BellToggle/BellToggle.tsx,/Users/hesong/Documents/gihub_space/forge/core/src/components/ui/icon-button.tsx; /Users/hesong/Documents/gihub_space/forge/core/src/components/ui/badge.tsx; /Users/hesong/Documents/gihub_space/forge/core/src/components/ui/topbar.tsx
Micro,Call Chip,工具调用条填充、计时、成功洗色、失败抖动和重试,ToolChips,B,核心可选,对接既有工具状态；预计时间只用于占位视觉，不能假称真实进度,@hugeicons/core-free-icons; @hugeicons/react,https://reactbits.dev/micro/call-chip,https://github.com/DavidHDev/react-bits/blob/a0c0548a28fa951a8f5c605d28b2480234bc72e4/src/ts-tailwind/Micro/CallChip/CallChip.tsx,/Users/hesong/Documents/gihub_space/forge/core/src/components/ui/agent/tool-chips.tsx
Micro,Status Mark,待机圆环、执行进度、成功勾、失败叉原位切换,"AgentTaskRows, ToolChips, ProgressBar",B,核心可选,提炼任务状态图标；真实进度和不确定进度分别处理,motion/react,https://reactbits.dev/micro/status-mark,https://github.com/DavidHDev/react-bits/blob/a0c0548a28fa951a8f5c605d28b2480234bc72e4/src/ts-tailwind/Micro/StatusMark/StatusMark.tsx,/Users/hesong/Documents/gihub_space/forge/core/src/components/ui/agent/agent-task-rows.tsx; /Users/hesong/Documents/gihub_space/forge/core/src/components/ui/agent/tool-chips.tsx; /Users/hesong/Documents/gihub_space/forge/core/src/components/ui/progress-bar.tsx
Micro,Glide Select,下拉从触发器角落弹出，共享高亮在选项间滑动,"SelectOption, ToolbarSelectDropdown, DropdownPanel, KebabMenu, MenuItem, TextFieldSelectSuffix, Button, IconButton, IconTrigger",A,核心优先,优先采用面板进退场、箭头旋转和高亮移动；业务选择状态仍由原组件控制,@hugeicons/core-free-icons; @hugeicons/react,https://reactbits.dev/micro/glide-select,https://github.com/DavidHDev/react-bits/blob/a0c0548a28fa951a8f5c605d28b2480234bc72e4/src/ts-tailwind/Micro/GlideSelect/GlideSelect.tsx,/Users/hesong/Documents/gihub_space/forge/core/src/components/ui/forms/select-option.tsx; /Users/hesong/Documents/gihub_space/forge/core/src/components/ui/toolbar.tsx; /Users/hesong/Documents/gihub_space/forge/core/src/components/ui/dropdown-panel.tsx; /Users/hesong/Documents/gihub_space/forge/core/src/components/ui/kebab-menu.tsx; /Users/hesong/Documents/gihub_space/forge/core/src/components/ui/menu-item.tsx; /Users/hesong/Documents/gihub_space/forge/core/src/components/ui/forms/text-field-select.tsx; /Users/hesong/Documents/gihub_space/forge/core/src/components/ui/button.tsx; /Users/hesong/Documents/gihub_space/forge/core/src/components/ui/icon-button.tsx; /Users/hesong/Documents/gihub_space/forge/core/src/components/ui/icon-trigger.tsx
Micro,Swipe Row,行滑动露出动作，甩动吸附，整段滑动可执行动作,"ListItem, NotificationItem, ContactItem, AgentTaskRows",B,核心可选,仅触屏模式按需启用；保留可见动作入口，删除需接原业务确认或撤销机制,@hugeicons/core-free-icons; @hugeicons/react; motion/react,https://reactbits.dev/micro/swipe-row,https://github.com/DavidHDev/react-bits/blob/a0c0548a28fa951a8f5c605d28b2480234bc72e4/src/ts-tailwind/Micro/SwipeRow/SwipeRow.tsx,/Users/hesong/Documents/gihub_space/forge/core/src/components/ui/list-item.tsx; /Users/hesong/Documents/gihub_space/forge/core/src/components/ui/notification-item.tsx; /Users/hesong/Documents/gihub_space/forge/core/src/components/ui/contact-item.tsx; /Users/hesong/Documents/gihub_space/forge/core/src/components/ui/agent/agent-task-rows.tsx
Micro,Jelly Radio,单选项弹性鼓起并挤动相邻选项,"RadioButton, RadioWithLabel, ButtonGroup",B,核心可选,只采用选中点的轻微缩放；邻项位移容易扰乱表单布局，默认关闭,motion/react,https://reactbits.dev/micro/jelly-radio,https://github.com/DavidHDev/react-bits/blob/a0c0548a28fa951a8f5c605d28b2480234bc72e4/src/ts-tailwind/Micro/JellyRadio/JellyRadio.tsx,/Users/hesong/Documents/gihub_space/forge/core/src/components/ui/forms/selection-control.tsx; /Users/hesong/Documents/gihub_space/forge/core/src/components/ui/forms/selection-control.tsx; /Users/hesong/Documents/gihub_space/forge/core/src/components/ui/button-group.tsx
Micro,Comet Dial,圆形刻度旋钮与随速度变化的彗尾,MeterChart,C,新增能力候选,MeterChart 是展示图表；交互旋钮需新增 Dial，不能直接视为现成输入控件,motion/react,https://reactbits.dev/micro/comet-dial,https://github.com/DavidHDev/react-bits/blob/a0c0548a28fa951a8f5c605d28b2480234bc72e4/src/ts-tailwind/Micro/CometDial/CometDial.tsx,/Users/hesong/Documents/gihub_space/forge/core/src/components/ui/charts/meter-chart.tsx
Micro,Wake Slider,条纹刻度随拖动形成波峰，松开后恢复,无直接对应,C,新增能力候选,新增 Slider 候选；优先清晰刻度和精确值，波峰为可选增强,motion/react,https://reactbits.dev/micro/wake-slider,https://github.com/DavidHDev/react-bits/blob/a0c0548a28fa951a8f5c605d28b2480234bc72e4/src/ts-tailwind/Micro/WakeSlider/WakeSlider.tsx,
Micro,Code Slots,验证码逐格填入、光标滑移、错误清空级联、成功合并填色,TextField,C,新增能力候选,新增 OTPInput 候选；粘贴、自动填充、焦点和错误恢复需独立定义,@hugeicons/core-free-icons; @hugeicons/react; motion/react,https://reactbits.dev/micro/code-slots,https://github.com/DavidHDev/react-bits/blob/a0c0548a28fa951a8f5c605d28b2480234bc72e4/src/ts-tailwind/Micro/CodeSlots/CodeSlots.tsx,/Users/hesong/Documents/gihub_space/forge/core/src/components/ui/forms/text-field.tsx
Micro,Dodge Field,元素躲避鼠标，多次追逐后返回原位,"Button, IconButton",E,不建议后台,不用于后台操作目标；会增加点击成本并干扰可达性,motion/react,https://reactbits.dev/micro/dodge-field,https://github.com/DavidHDev/react-bits/blob/a0c0548a28fa951a8f5c605d28b2480234bc72e4/src/ts-tailwind/Micro/DodgeField/DodgeField.tsx,/Users/hesong/Documents/gihub_space/forge/core/src/components/ui/button.tsx; /Users/hesong/Documents/gihub_space/forge/core/src/components/ui/icon-button.tsx
Micro,Lattice Loader,点阵轮流点亮，带计时，结束切换成功或失败符号,"ThinkingTrace, AgentTaskRows, ToolChips",B,核心可选,作为可选加载指示器；离屏和终态停止循环，计时从任务数据读取,,https://reactbits.dev/micro/lattice-loader,https://github.com/DavidHDev/react-bits/blob/a0c0548a28fa951a8f5c605d28b2480234bc72e4/src/ts-tailwind/Micro/LatticeLoader/LatticeLoader.tsx,/Users/hesong/Documents/gihub_space/forge/core/src/components/ui/agent/thinking-trace.tsx; /Users/hesong/Documents/gihub_space/forge/core/src/components/ui/agent/agent-task-rows.tsx; /Users/hesong/Documents/gihub_space/forge/core/src/components/ui/agent/tool-chips.tsx
Micro,Scrub Field,拖动数值调整，轻点进入输入，越界后弹回,"TextField, CurrencyConverter",C,新增能力候选,新增 NumberField 候选；保留精确输入，范围和步长由业务给定,motion/react,https://reactbits.dev/micro/scrub-field,https://github.com/DavidHDev/react-bits/blob/a0c0548a28fa951a8f5c605d28b2480234bc72e4/src/ts-tailwind/Micro/ScrubField/ScrubField.tsx,/Users/hesong/Documents/gihub_space/forge/core/src/components/ui/forms/text-field.tsx; /Users/hesong/Documents/gihub_space/forge/core/src/components/ui/currency-converter.tsx
Micro,Fuse Button,动作后切换撤销文案，时间线消耗并支持撤销,"Button, NotificationItem",B,核心可选,抽成撤销操作组合；撤销期限与真实业务一致，不自动让所有按钮延迟提交,@hugeicons/core-free-icons; @hugeicons/react,https://reactbits.dev/micro/fuse-button,https://github.com/DavidHDev/react-bits/blob/a0c0548a28fa951a8f5c605d28b2480234bc72e4/src/ts-tailwind/Micro/FuseButton/FuseButton.tsx,/Users/hesong/Documents/gihub_space/forge/core/src/components/ui/button.tsx; /Users/hesong/Documents/gihub_space/forge/core/src/components/ui/notification-item.tsx
Micro,Warm Tooltip,首个提示延迟出现，同组后续提示即时切换并轻微弹出,"Tooltip, TooltipBubble, TooltipAnchor",A,核心优先,新增组内延迟共享机制；保留焦点触发，速度倾斜默认关闭,motion/react,https://reactbits.dev/micro/warm-tooltip,https://github.com/DavidHDev/react-bits/blob/a0c0548a28fa951a8f5c605d28b2480234bc72e4/src/ts-tailwind/Micro/WarmTooltip/WarmTooltip.tsx,/Users/hesong/Documents/gihub_space/forge/core/src/components/ui/tooltip.tsx; /Users/hesong/Documents/gihub_space/forge/core/src/components/ui/tooltip.tsx; /Users/hesong/Documents/gihub_space/forge/core/src/components/ui/tooltip.tsx
Micro,Slide Commit,滑动确认，等待时旋转，成功展开，失败回位,"ConfirmationDialog, ApprovalCard",C,新增能力候选,新增 SlideConfirm 候选；提供键盘确认等价路径，业务 Promise 驱动状态,@hugeicons/core-free-icons; @hugeicons/react; motion/react,https://reactbits.dev/micro/slide-commit,https://github.com/DavidHDev/react-bits/blob/a0c0548a28fa951a8f5c605d28b2480234bc72e4/src/ts-tailwind/Micro/SlideCommit/SlideCommit.tsx,/Users/hesong/Documents/gihub_space/forge/core/src/components/ui/confirmation-dialog.tsx; /Users/hesong/Documents/gihub_space/forge/core/src/components/ui/agent/approval-card.tsx
Micro,Rubber Segment,分段选中块滑移、伸缩并支持拖动切换,"TabBar, ButtonGroup, ToolbarPillTabs",A,核心优先,默认仅滑动指示器和轻微形变；拖动是额外交互，按需启用,motion/react,https://reactbits.dev/micro/rubber-segment,https://github.com/DavidHDev/react-bits/blob/a0c0548a28fa951a8f5c605d28b2480234bc72e4/src/ts-tailwind/Micro/RubberSegment/RubberSegment.tsx,/Users/hesong/Documents/gihub_space/forge/core/src/components/ui/tab-bar.tsx; /Users/hesong/Documents/gihub_space/forge/core/src/components/ui/button-group.tsx; /Users/hesong/Documents/gihub_space/forge/core/src/components/ui/toolbar.tsx
Micro,Pulse Heart,收藏图标收缩后弹回，计数滚动替换,"ToolbarFavoriteButton, IconButton, ReviewItem",B,核心可选,收藏状态由业务控制；可用星形图标，复用现有图标体系,@hugeicons/core-free-icons,https://reactbits.dev/micro/pulse-heart,https://github.com/DavidHDev/react-bits/blob/a0c0548a28fa951a8f5c605d28b2480234bc72e4/src/ts-tailwind/Micro/PulseHeart/PulseHeart.tsx,/Users/hesong/Documents/gihub_space/forge/core/src/components/ui/toolbar.tsx; /Users/hesong/Documents/gihub_space/forge/core/src/components/ui/icon-button.tsx; /Users/hesong/Documents/gihub_space/forge/core/src/components/ui/review-item.tsx
Micro,Spring Check,勾选框填充、勾线描绘、文字划线联动,"Checkbox, CheckboxControl, CheckboxWithLabel, Checklist, ChecklistItem",A,核心优先,统一勾选反馈；Checklist 已有相近动效，应收敛复用；普通表单勾选不划掉文字,@hugeicons/core-free-icons; motion/react,https://reactbits.dev/micro/spring-check,https://github.com/DavidHDev/react-bits/blob/a0c0548a28fa951a8f5c605d28b2480234bc72e4/src/ts-tailwind/Micro/SpringCheck/SpringCheck.tsx,/Users/hesong/Documents/gihub_space/forge/core/src/components/ui/checkbox.tsx; /Users/hesong/Documents/gihub_space/forge/core/src/components/ui/forms/selection-control.tsx; /Users/hesong/Documents/gihub_space/forge/core/src/components/ui/forms/selection-control.tsx; /Users/hesong/Documents/gihub_space/forge/core/src/components/ui/checklist.tsx; /Users/hesong/Documents/gihub_space/forge/core/src/components/ui/checklist.tsx
Micro,Peek Rating,悬停预览星级、星星抬起、点击确认回弹,"RatingStars, ReviewItem, CellRating",C,新增能力候选,RatingStars 目前是展示组件；需新增交互模式或 RatingInput，表格展示维持静态,@hugeicons/core-free-icons; @hugeicons/react,https://reactbits.dev/micro/peek-rating,https://github.com/DavidHDev/react-bits/blob/a0c0548a28fa951a8f5c605d28b2480234bc72e4/src/ts-tailwind/Micro/PeekRating/PeekRating.tsx,/Users/hesong/Documents/gihub_space/forge/core/src/components/ui/rating-stars.tsx; /Users/hesong/Documents/gihub_space/forge/core/src/components/ui/review-item.tsx; /Users/hesong/Documents/gihub_space/forge/core/src/components/ui/data-table.tsx
Micro,Hold Button,按住逐步填充，松开回退，完成后标签切换,"Button, ConfirmationDialog, ApprovalCard",B,核心可选,新增明确的长按确认模式；保留普通点击按钮，业务只在确认完成回调执行,,https://reactbits.dev/micro/hold-button,https://github.com/DavidHDev/react-bits/blob/a0c0548a28fa951a8f5c605d28b2480234bc72e4/src/ts-tailwind/Micro/HoldButton/HoldButton.tsx,/Users/hesong/Documents/gihub_space/forge/core/src/components/ui/button.tsx; /Users/hesong/Documents/gihub_space/forge/core/src/components/ui/confirmation-dialog.tsx; /Users/hesong/Documents/gihub_space/forge/core/src/components/ui/agent/approval-card.tsx
Micro,Squish Switch,开关滑块移动时拉伸，到端点后回弹,Toggle,A,核心优先,先实现位置和颜色平滑切换；轻微压缩可选，保留点击和键盘行为,motion/react,https://reactbits.dev/micro/squish-switch,https://github.com/DavidHDev/react-bits/blob/a0c0548a28fa951a8f5c605d28b2480234bc72e4/src/ts-tailwind/Micro/SquishSwitch/SquishSwitch.tsx,/Users/hesong/Documents/gihub_space/forge/core/src/components/ui/forms/selection-control.tsx
Backgrounds,Micro Slats,微型栅片形成透视波面，并响应流体扰动,无直接对应,D,页面特效,无直接 core 组件对应；仅作官网、登录或专题页面的独立背景，按需加载；不作为 AppLayout 全局默认背景,ogl,https://reactbits.dev/backgrounds/micro-slats,https://github.com/DavidHDev/react-bits/blob/a0c0548a28fa951a8f5c605d28b2480234bc72e4/src/ts-tailwind/Backgrounds/MicroSlats/MicroSlats.tsx,
Backgrounds,Shape Waves,几何图形场沿波纹改变亮度和大小,无直接对应,D,页面特效,无直接 core 组件对应；仅作官网、登录或专题页面的独立背景，按需加载；不作为 AppLayout 全局默认背景,vgpu,https://reactbits.dev/backgrounds/shape-waves,https://github.com/DavidHDev/react-bits/blob/a0c0548a28fa951a8f5c605d28b2480234bc72e4/src/ts-tailwind/Backgrounds/ShapeWaves/ShapeWaves.tsx,
Backgrounds,Aero Shards,折叠金属碎片组成随风和指针运动的雕塑,无直接对应,D,页面特效,无直接 core 组件对应；仅作官网、登录或专题页面的独立背景，按需加载；不作为 AppLayout 全局默认背景,vgpu,https://reactbits.dev/backgrounds/aero-shards,https://github.com/DavidHDev/react-bits/blob/a0c0548a28fa951a8f5c605d28b2480234bc72e4/src/ts-tailwind/Backgrounds/AeroShards/AeroShards.tsx,
Backgrounds,Ghost Fibers,发光纤维在纵深空间扭转,无直接对应,D,页面特效,无直接 core 组件对应；仅作官网、登录或专题页面的独立背景，按需加载；不作为 AppLayout 全局默认背景,ogl,https://reactbits.dev/backgrounds/ghost-fibers,https://github.com/DavidHDev/react-bits/blob/a0c0548a28fa951a8f5c605d28b2480234bc72e4/src/ts-tailwind/Backgrounds/GhostFibers/GhostFibers.tsx,
Backgrounds,CRT Warp,模拟 CRT 扫描线、屏幕弯曲与辉光,无直接对应,D,页面特效,无直接 core 组件对应；仅作官网、登录或专题页面的独立背景，按需加载；不作为 AppLayout 全局默认背景,three,https://reactbits.dev/backgrounds/crt-warp,https://github.com/DavidHDev/react-bits/blob/a0c0548a28fa951a8f5c605d28b2480234bc72e4/src/ts-tailwind/Backgrounds/CRTWarp/CRTWarp.tsx,
Backgrounds,Molten Metal,熔融金属状细丝和高亮核心流动,无直接对应,D,页面特效,无直接 core 组件对应；仅作官网、登录或专题页面的独立背景，按需加载；不作为 AppLayout 全局默认背景,ogl,https://reactbits.dev/backgrounds/molten-metal,https://github.com/DavidHDev/react-bits/blob/a0c0548a28fa951a8f5c605d28b2480234bc72e4/src/ts-tailwind/Backgrounds/MoltenMetal/MoltenMetal.tsx,
Backgrounds,Gradient Waves,渐变波浪向朦胧地平线推进,无直接对应,D,页面特效,无直接 core 组件对应；仅作官网、登录或专题页面的独立背景，按需加载；不作为 AppLayout 全局默认背景,ogl,https://reactbits.dev/backgrounds/gradient-waves,https://github.com/DavidHDev/react-bits/blob/a0c0548a28fa951a8f5c605d28b2480234bc72e4/src/ts-tailwind/Backgrounds/GradientWaves/GradientWaves.tsx,
Backgrounds,Web Threads,正弦丝线向发光交汇点聚拢,无直接对应,D,页面特效,无直接 core 组件对应；仅作官网、登录或专题页面的独立背景，按需加载；不作为 AppLayout 全局默认背景,ogl,https://reactbits.dev/backgrounds/web-threads,https://github.com/DavidHDev/react-bits/blob/a0c0548a28fa951a8f5c605d28b2480234bc72e4/src/ts-tailwind/Backgrounds/WebThreads/WebThreads.tsx,
Backgrounds,Topography,等高线随地形变化并按高度发光,无直接对应,D,页面特效,无直接 core 组件对应；仅作官网、登录或专题页面的独立背景，按需加载；不作为 AppLayout 全局默认背景,ogl,https://reactbits.dev/backgrounds/topography,https://github.com/DavidHDev/react-bits/blob/a0c0548a28fa951a8f5c605d28b2480234bc72e4/src/ts-tailwind/Backgrounds/Topography/Topography.tsx,
Backgrounds,Light Tunnel,光脉冲沿放射隧道向深处运动,无直接对应,D,页面特效,无直接 core 组件对应；仅作官网、登录或专题页面的独立背景，按需加载；不作为 AppLayout 全局默认背景,ogl,https://reactbits.dev/backgrounds/light-tunnel,https://github.com/DavidHDev/react-bits/blob/a0c0548a28fa951a8f5c605d28b2480234bc72e4/src/ts-tailwind/Backgrounds/LightTunnel/LightTunnel.tsx,
Backgrounds,Sliced Waves,条栅组成波动的发光表面,无直接对应,D,页面特效,无直接 core 组件对应；仅作官网、登录或专题页面的独立背景，按需加载；不作为 AppLayout 全局默认背景,ogl,https://reactbits.dev/backgrounds/sliced-waves,https://github.com/DavidHDev/react-bits/blob/a0c0548a28fa951a8f5c605d28b2480234bc72e4/src/ts-tailwind/Backgrounds/SlicedWaves/SlicedWaves.tsx,
Backgrounds,Acid Squares,层叠方框沿纵深形成晶体通道,无直接对应,D,页面特效,无直接 core 组件对应；仅作官网、登录或专题页面的独立背景，按需加载；不作为 AppLayout 全局默认背景,ogl,https://reactbits.dev/backgrounds/acid-squares,https://github.com/DavidHDev/react-bits/blob/a0c0548a28fa951a8f5c605d28b2480234bc72e4/src/ts-tailwind/Backgrounds/AcidSquares/AcidSquares.tsx,
Backgrounds,Scanner,干涉条纹像扫描仪一样平稳扫过,无直接对应,D,页面特效,无直接 core 组件对应；仅作官网、登录或专题页面的独立背景，按需加载；不作为 AppLayout 全局默认背景,ogl,https://reactbits.dev/backgrounds/scanner,https://github.com/DavidHDev/react-bits/blob/a0c0548a28fa951a8f5c605d28b2480234bc72e4/src/ts-tailwind/Backgrounds/Scanner/Scanner.tsx,
Backgrounds,Ferrofluid,磁流体等高线流动并被指针吸引,无直接对应,D,页面特效,无直接 core 组件对应；仅作官网、登录或专题页面的独立背景，按需加载；不作为 AppLayout 全局默认背景,ogl,https://reactbits.dev/backgrounds/ferrofluid,https://github.com/DavidHDev/react-bits/blob/a0c0548a28fa951a8f5c605d28b2480234bc72e4/src/ts-tailwind/Backgrounds/Ferrofluid/Ferrofluid.tsx,
Backgrounds,Lightfall,光条穿过发光隧道向下坠落,无直接对应,D,页面特效,无直接 core 组件对应；仅作官网、登录或专题页面的独立背景，按需加载；不作为 AppLayout 全局默认背景,ogl,https://reactbits.dev/backgrounds/lightfall,https://github.com/DavidHDev/react-bits/blob/a0c0548a28fa951a8f5c605d28b2480234bc72e4/src/ts-tailwind/Backgrounds/Lightfall/Lightfall.tsx,
Backgrounds,Liquid Ether,可交互的流体染色与扭曲,无直接对应,D,页面特效,无直接 core 组件对应；仅作官网、登录或专题页面的独立背景，按需加载；不作为 AppLayout 全局默认背景,three,https://reactbits.dev/backgrounds/liquid-ether,https://github.com/DavidHDev/react-bits/blob/a0c0548a28fa951a8f5c605d28b2480234bc72e4/src/ts-tailwind/Backgrounds/LiquidEther/LiquidEther.tsx,
Backgrounds,Prism,发光棱镜旋转和折射,无直接对应,D,页面特效,无直接 core 组件对应；仅作官网、登录或专题页面的独立背景，按需加载；不作为 AppLayout 全局默认背景,ogl,https://reactbits.dev/backgrounds/prism,https://github.com/DavidHDev/react-bits/blob/a0c0548a28fa951a8f5c605d28b2480234bc72e4/src/ts-tailwind/Backgrounds/Prism/Prism.tsx,
Backgrounds,Dark Veil,暗色幕布状平滑变化,无直接对应,D,页面特效,无直接 core 组件对应；仅作官网、登录或专题页面的独立背景，按需加载；不作为 AppLayout 全局默认背景,ogl,https://reactbits.dev/backgrounds/dark-veil,https://github.com/DavidHDev/react-bits/blob/a0c0548a28fa951a8f5c605d28b2480234bc72e4/src/ts-tailwind/Backgrounds/DarkVeil/DarkVeil.tsx,
Backgrounds,Light Pillar,竖向光柱和扩散辉光,无直接对应,D,页面特效,无直接 core 组件对应；仅作官网、登录或专题页面的独立背景，按需加载；不作为 AppLayout 全局默认背景,three,https://reactbits.dev/backgrounds/light-pillar,https://github.com/DavidHDev/react-bits/blob/a0c0548a28fa951a8f5c605d28b2480234bc72e4/src/ts-tailwind/Backgrounds/LightPillar/LightPillar.tsx,
Backgrounds,Silk,柔和光照下的丝绸波纹,无直接对应,D,页面特效,无直接 core 组件对应；仅作官网、登录或专题页面的独立背景，按需加载；不作为 AppLayout 全局默认背景,@react-three/fiber; three,https://reactbits.dev/backgrounds/silk,https://github.com/DavidHDev/react-bits/blob/a0c0548a28fa951a8f5c605d28b2480234bc72e4/src/ts-tailwind/Backgrounds/Silk/Silk.tsx,
Backgrounds,Floating Lines,空间曲线漂浮并响应指针,无直接对应,D,页面特效,无直接 core 组件对应；仅作官网、登录或专题页面的独立背景，按需加载；不作为 AppLayout 全局默认背景,three,https://reactbits.dev/backgrounds/floating-lines,https://github.com/DavidHDev/react-bits/blob/a0c0548a28fa951a8f5c605d28b2480234bc72e4/src/ts-tailwind/Backgrounds/FloatingLines/FloatingLines.tsx,
Backgrounds,Side Rays,侧向射入的动态光束,无直接对应,D,页面特效,无直接 core 组件对应；仅作官网、登录或专题页面的独立背景，按需加载；不作为 AppLayout 全局默认背景,ogl,https://reactbits.dev/backgrounds/side-rays,https://github.com/DavidHDev/react-bits/blob/a0c0548a28fa951a8f5c605d28b2480234bc72e4/src/ts-tailwind/Backgrounds/SideRays/SideRays.tsx,
Backgrounds,Light Rays,指定方向的体积光线,无直接对应,D,页面特效,无直接 core 组件对应；仅作官网、登录或专题页面的独立背景，按需加载；不作为 AppLayout 全局默认背景,ogl,https://reactbits.dev/backgrounds/light-rays,https://github.com/DavidHDev/react-bits/blob/a0c0548a28fa951a8f5c605d28b2480234bc72e4/src/ts-tailwind/Backgrounds/LightRays/LightRays.tsx,
Backgrounds,Pixel Blast,像素粒子爆散并产生扰动,无直接对应,D,页面特效,无直接 core 组件对应；仅作官网、登录或专题页面的独立背景，按需加载；不作为 AppLayout 全局默认背景,postprocessing; three,https://reactbits.dev/backgrounds/pixel-blast,https://github.com/DavidHDev/react-bits/blob/a0c0548a28fa951a8f5c605d28b2480234bc72e4/src/ts-tailwind/Backgrounds/PixelBlast/PixelBlast.tsx,
Backgrounds,Color Bends,彩色带状区域连续弯曲流动,无直接对应,D,页面特效,无直接 core 组件对应；仅作官网、登录或专题页面的独立背景，按需加载；不作为 AppLayout 全局默认背景,three,https://reactbits.dev/backgrounds/color-bends,https://github.com/DavidHDev/react-bits/blob/a0c0548a28fa951a8f5c605d28b2480234bc72e4/src/ts-tailwind/Backgrounds/ColorBends/ColorBends.tsx,
Backgrounds,Evil Eye,虹膜、竖瞳和外部火焰光晕动画,无直接对应,D,页面特效,无直接 core 组件对应；仅作官网、登录或专题页面的独立背景，按需加载；不作为 AppLayout 全局默认背景,ogl,https://reactbits.dev/backgrounds/evil-eye,https://github.com/DavidHDev/react-bits/blob/a0c0548a28fa951a8f5c605d28b2480234bc72e4/src/ts-tailwind/Backgrounds/EvilEye/EvilEye.tsx,
Backgrounds,Line Waves,多色线条波动和扭曲,无直接对应,D,页面特效,无直接 core 组件对应；仅作官网、登录或专题页面的独立背景，按需加载；不作为 AppLayout 全局默认背景,ogl,https://reactbits.dev/backgrounds/line-waves,https://github.com/DavidHDev/react-bits/blob/a0c0548a28fa951a8f5c605d28b2480234bc72e4/src/ts-tailwind/Backgrounds/LineWaves/LineWaves.tsx,
Backgrounds,Radar,同心刻度与旋转扫描光束,无直接对应,D,页面特效,无直接 core 组件对应；仅作官网、登录或专题页面的独立背景，按需加载；不作为 AppLayout 全局默认背景,ogl,https://reactbits.dev/backgrounds/radar,https://github.com/DavidHDev/react-bits/blob/a0c0548a28fa951a8f5c605d28b2480234bc72e4/src/ts-tailwind/Backgrounds/Radar/Radar.tsx,
Backgrounds,Soft Aurora,柔和极光渐变和噪声流动,无直接对应,D,页面特效,无直接 core 组件对应；仅作官网、登录或专题页面的独立背景，按需加载；不作为 AppLayout 全局默认背景,ogl,https://reactbits.dev/backgrounds/soft-aurora,https://github.com/DavidHDev/react-bits/blob/a0c0548a28fa951a8f5c605d28b2480234bc72e4/src/ts-tailwind/Backgrounds/SoftAurora/SoftAurora.tsx,
Backgrounds,Aurora,彩色极光带起伏,无直接对应,D,页面特效,无直接 core 组件对应；仅作官网、登录或专题页面的独立背景，按需加载；不作为 AppLayout 全局默认背景,ogl,https://reactbits.dev/backgrounds/aurora,https://github.com/DavidHDev/react-bits/blob/a0c0548a28fa951a8f5c605d28b2480234bc72e4/src/ts-tailwind/Backgrounds/Aurora/Aurora.tsx,
Backgrounds,Plasma,有机等离子渐变旋转融合,无直接对应,D,页面特效,无直接 core 组件对应；仅作官网、登录或专题页面的独立背景，按需加载；不作为 AppLayout 全局默认背景,ogl,https://reactbits.dev/backgrounds/plasma,https://github.com/DavidHDev/react-bits/blob/a0c0548a28fa951a8f5c605d28b2480234bc72e4/src/ts-tailwind/Backgrounds/Plasma/Plasma.tsx,
Backgrounds,Plasma Wave,双波干涉形成等离子波面,无直接对应,D,页面特效,无直接 core 组件对应；仅作官网、登录或专题页面的独立背景，按需加载；不作为 AppLayout 全局默认背景,ogl,https://reactbits.dev/backgrounds/plasma-wave,https://github.com/DavidHDev/react-bits/blob/a0c0548a28fa951a8f5c605d28b2480234bc72e4/src/ts-tailwind/Backgrounds/PlasmaWave/PlasmaWave.tsx,
Backgrounds,Particles,可配置的粒子漂浮场,无直接对应,D,页面特效,无直接 core 组件对应；仅作官网、登录或专题页面的独立背景，按需加载；不作为 AppLayout 全局默认背景,ogl,https://reactbits.dev/backgrounds/particles,https://github.com/DavidHDev/react-bits/blob/a0c0548a28fa951a8f5c605d28b2480234bc72e4/src/ts-tailwind/Backgrounds/Particles/Particles.tsx,
Backgrounds,Gradient Blinds,渐变百叶层与聚光扭曲,无直接对应,D,页面特效,无直接 core 组件对应；仅作官网、登录或专题页面的独立背景，按需加载；不作为 AppLayout 全局默认背景,ogl,https://reactbits.dev/backgrounds/gradient-blinds,https://github.com/DavidHDev/react-bits/blob/a0c0548a28fa951a8f5c605d28b2480234bc72e4/src/ts-tailwind/Backgrounds/GradientBlinds/GradientBlinds.tsx,
Backgrounds,Grainient,颗粒渐变色团缓慢翻涌,无直接对应,D,页面特效,无直接 core 组件对应；仅作官网、登录或专题页面的独立背景，按需加载；不作为 AppLayout 全局默认背景,ogl,https://reactbits.dev/backgrounds/grainient,https://github.com/DavidHDev/react-bits/blob/a0c0548a28fa951a8f5c605d28b2480234bc72e4/src/ts-tailwind/Backgrounds/Grainient/Grainient.tsx,
Backgrounds,Grid Scan,三维网格房间的扫描运动,无直接对应,D,页面特效,无直接 core 组件对应；仅作官网、登录或专题页面的独立背景，按需加载；不作为 AppLayout 全局默认背景,face-api.js; postprocessing; three,https://reactbits.dev/backgrounds/grid-scan,https://github.com/DavidHDev/react-bits/blob/a0c0548a28fa951a8f5c605d28b2480234bc72e4/src/ts-tailwind/Backgrounds/GridScan/GridScan.tsx,
Backgrounds,Beams,带状光束交错运动,无直接对应,D,页面特效,无直接 core 组件对应；仅作官网、登录或专题页面的独立背景，按需加载；不作为 AppLayout 全局默认背景,@react-three/drei; @react-three/fiber; three; three/src/math/MathUtils.js,https://reactbits.dev/backgrounds/beams,https://github.com/DavidHDev/react-bits/blob/a0c0548a28fa951a8f5c605d28b2480234bc72e4/src/ts-tailwind/Backgrounds/Beams/Beams.tsx,
Backgrounds,Pixel Snow,像素雪花持续下落,无直接对应,D,页面特效,无直接 core 组件对应；仅作官网、登录或专题页面的独立背景，按需加载；不作为 AppLayout 全局默认背景,three,https://reactbits.dev/backgrounds/pixel-snow,https://github.com/DavidHDev/react-bits/blob/a0c0548a28fa951a8f5c605d28b2480234bc72e4/src/ts-tailwind/Backgrounds/PixelSnow/PixelSnow.tsx,
Backgrounds,Lightning,分叉闪电和亮度闪烁,无直接对应,D,页面特效,无直接 core 组件对应；仅作官网、登录或专题页面的独立背景，按需加载；不作为 AppLayout 全局默认背景,,https://reactbits.dev/backgrounds/lightning,https://github.com/DavidHDev/react-bits/blob/a0c0548a28fa951a8f5c605d28b2480234bc72e4/src/ts-tailwind/Backgrounds/Lightning/Lightning.tsx,
Backgrounds,Prismatic Burst,棱镜色射线向外放射,无直接对应,D,页面特效,无直接 core 组件对应；仅作官网、登录或专题页面的独立背景，按需加载；不作为 AppLayout 全局默认背景,ogl,https://reactbits.dev/backgrounds/prismatic-burst,https://github.com/DavidHDev/react-bits/blob/a0c0548a28fa951a8f5c605d28b2480234bc72e4/src/ts-tailwind/Backgrounds/PrismaticBurst/PrismaticBurst.tsx,
Backgrounds,Galaxy,星空粒子随指针产生视差,无直接对应,D,页面特效,无直接 core 组件对应；仅作官网、登录或专题页面的独立背景，按需加载；不作为 AppLayout 全局默认背景,ogl,https://reactbits.dev/backgrounds/galaxy,https://github.com/DavidHDev/react-bits/blob/a0c0548a28fa951a8f5c605d28b2480234bc72e4/src/ts-tailwind/Backgrounds/Galaxy/Galaxy.tsx,
Backgrounds,Dither,抖色颗粒噪声动画,无直接对应,D,页面特效,无直接 core 组件对应；仅作官网、登录或专题页面的独立背景，按需加载；不作为 AppLayout 全局默认背景,@react-three/fiber; @react-three/postprocessing; postprocessing; three,https://reactbits.dev/backgrounds/dither,https://github.com/DavidHDev/react-bits/blob/a0c0548a28fa951a8f5c605d28b2480234bc72e4/src/ts-tailwind/Backgrounds/Dither/Dither.tsx,
Backgrounds,Faulty Terminal,终端状扫描格、噪声与闪烁,无直接对应,D,页面特效,无直接 core 组件对应；仅作官网、登录或专题页面的独立背景，按需加载；不作为 AppLayout 全局默认背景,ogl,https://reactbits.dev/backgrounds/faulty-terminal,https://github.com/DavidHDev/react-bits/blob/a0c0548a28fa951a8f5c605d28b2480234bc72e4/src/ts-tailwind/Backgrounds/FaultyTerminal/FaultyTerminal.tsx,
Backgrounds,Ripple Grid,网格沿波纹连续起伏,无直接对应,D,页面特效,无直接 core 组件对应；仅作官网、登录或专题页面的独立背景，按需加载；不作为 AppLayout 全局默认背景,ogl,https://reactbits.dev/backgrounds/ripple-grid,https://github.com/DavidHDev/react-bits/blob/a0c0548a28fa951a8f5c605d28b2480234bc72e4/src/ts-tailwind/Backgrounds/RippleGrid/RippleGrid.tsx,
Backgrounds,Dot Field,点阵受指针鼓起、发光和波动,无直接对应,D,页面特效,无直接 core 组件对应；仅作官网、登录或专题页面的独立背景，按需加载；不作为 AppLayout 全局默认背景,,https://reactbits.dev/backgrounds/dot-field,https://github.com/DavidHDev/react-bits/blob/a0c0548a28fa951a8f5c605d28b2480234bc72e4/src/ts-tailwind/Backgrounds/DotField/DotField.tsx,
Backgrounds,Dot Grid,点阵与指针产生交互响应,无直接对应,D,页面特效,无直接 core 组件对应；仅作官网、登录或专题页面的独立背景，按需加载；不作为 AppLayout 全局默认背景,gsap; gsap/InertiaPlugin,https://reactbits.dev/backgrounds/dot-grid,https://github.com/DavidHDev/react-bits/blob/a0c0548a28fa951a8f5c605d28b2480234bc72e4/src/ts-tailwind/Backgrounds/DotGrid/DotGrid.tsx,
Backgrounds,Threads,细线构成织物状流动,无直接对应,D,页面特效,无直接 core 组件对应；仅作官网、登录或专题页面的独立背景，按需加载；不作为 AppLayout 全局默认背景,ogl,https://reactbits.dev/backgrounds/threads,https://github.com/DavidHDev/react-bits/blob/a0c0548a28fa951a8f5c605d28b2480234bc72e4/src/ts-tailwind/Backgrounds/Threads/Threads.tsx,
Backgrounds,Hyperspeed,高速光带形成穿越运动,无直接对应,D,页面特效,无直接 core 组件对应；仅作官网、登录或专题页面的独立背景，按需加载；不作为 AppLayout 全局默认背景,postprocessing; three,https://reactbits.dev/backgrounds/hyperspeed,https://github.com/DavidHDev/react-bits/blob/a0c0548a28fa951a8f5c605d28b2480234bc72e4/src/ts-tailwind/Backgrounds/Hyperspeed/Hyperspeed.tsx,
Backgrounds,Iridescence,虹彩色表面随波纹变化,无直接对应,D,页面特效,无直接 core 组件对应；仅作官网、登录或专题页面的独立背景，按需加载；不作为 AppLayout 全局默认背景,ogl,https://reactbits.dev/backgrounds/iridescence,https://github.com/DavidHDev/react-bits/blob/a0c0548a28fa951a8f5c605d28b2480234bc72e4/src/ts-tailwind/Backgrounds/Iridescence/Iridescence.tsx,
Backgrounds,Waves,多层细线组成连续波形,无直接对应,D,页面特效,无直接 core 组件对应；仅作官网、登录或专题页面的独立背景，按需加载；不作为 AppLayout 全局默认背景,,https://reactbits.dev/backgrounds/waves,https://github.com/DavidHDev/react-bits/blob/a0c0548a28fa951a8f5c605d28b2480234bc72e4/src/ts-tailwind/Backgrounds/Waves/Waves.tsx,
Backgrounds,Grid Distortion,图像网格随指针扭曲,无直接对应,D,页面特效,无直接 core 组件对应；仅作官网、登录或专题页面的独立背景，按需加载；不作为 AppLayout 全局默认背景,three,https://reactbits.dev/backgrounds/grid-distortion,https://github.com/DavidHDev/react-bits/blob/a0c0548a28fa951a8f5c605d28b2480234bc72e4/src/ts-tailwind/Backgrounds/GridDistortion/GridDistortion.tsx,
Backgrounds,Ballpit,球体受物理碰撞而弹跳,无直接对应,D,页面特效,无直接 core 组件对应；仅作官网、登录或专题页面的独立背景，按需加载；不作为 AppLayout 全局默认背景,gsap; gsap/Observer; three; three/examples/jsm/environments/RoomEnvironment.js,https://reactbits.dev/backgrounds/ballpit,https://github.com/DavidHDev/react-bits/blob/a0c0548a28fa951a8f5c605d28b2480234bc72e4/src/ts-tailwind/Backgrounds/Ballpit/Ballpit.tsx,
Backgrounds,Orb,能量球缓慢流动并响应悬停,无直接对应,D,页面特效,无直接 core 组件对应；仅作官网、登录或专题页面的独立背景，按需加载；不作为 AppLayout 全局默认背景,ogl,https://reactbits.dev/backgrounds/orb,https://github.com/DavidHDev/react-bits/blob/a0c0548a28fa951a8f5c605d28b2480234bc72e4/src/ts-tailwind/Backgrounds/Orb/Orb.tsx,
Backgrounds,Letter Glitch,字符矩阵随机更新与故障变化,无直接对应,D,页面特效,无直接 core 组件对应；仅作官网、登录或专题页面的独立背景，按需加载；不作为 AppLayout 全局默认背景,,https://reactbits.dev/backgrounds/letter-glitch,https://github.com/DavidHDev/react-bits/blob/a0c0548a28fa951a8f5c605d28b2480234bc72e4/src/ts-tailwind/Backgrounds/LetterGlitch/LetterGlitch.tsx,
Backgrounds,Grid Motion,图像网格按指针位置错层移动,无直接对应,D,页面特效,无直接 core 组件对应；仅作官网、登录或专题页面的独立背景，按需加载；不作为 AppLayout 全局默认背景,gsap,https://reactbits.dev/backgrounds/grid-motion,https://github.com/DavidHDev/react-bits/blob/a0c0548a28fa951a8f5c605d28b2480234bc72e4/src/ts-tailwind/Backgrounds/GridMotion/GridMotion.tsx,
Backgrounds,Shape Grid,几何网格按方向移动,无直接对应,D,页面特效,无直接 core 组件对应；仅作官网、登录或专题页面的独立背景，按需加载；不作为 AppLayout 全局默认背景,,https://reactbits.dev/backgrounds/shape-grid,https://github.com/DavidHDev/react-bits/blob/a0c0548a28fa951a8f5c605d28b2480234bc72e4/src/ts-tailwind/Backgrounds/ShapeGrid/ShapeGrid.tsx,
Backgrounds,Liquid Chrome,液态铬表面反射与流动,无直接对应,D,页面特效,无直接 core 组件对应；仅作官网、登录或专题页面的独立背景，按需加载；不作为 AppLayout 全局默认背景,ogl,https://reactbits.dev/backgrounds/liquid-chrome,https://github.com/DavidHDev/react-bits/blob/a0c0548a28fa951a8f5c605d28b2480234bc72e4/src/ts-tailwind/Backgrounds/LiquidChrome/LiquidChrome.tsx,
Backgrounds,Balatro,旋涡式像素着色器背景,无直接对应,D,页面特效,无直接 core 组件对应；仅作官网、登录或专题页面的独立背景，按需加载；不作为 AppLayout 全局默认背景,ogl,https://reactbits.dev/backgrounds/balatro,https://github.com/DavidHDev/react-bits/blob/a0c0548a28fa951a8f5c605d28b2480234bc72e4/src/ts-tailwind/Backgrounds/Balatro/Balatro.tsx,
